site,plot,treatment,light,year,DOY,hhmm,ss.s,battery_V,CO2_v,CO2_ppm,H2O_v,H2O_v,H2O_ppt,T_panel,T_air,T_soil
DRYAS,11,C,light,2022,183,1346,0,,,414.66,,,,,,
DRYAS,11,C,light,2022,183,1346,1,,,413.86,,,,,,
DRYAS,11,C,light,2022,183,1346,2,,,413.17,,,,,,
DRYAS,11,C,light,2022,183,1346,3,,,413.86,,,,,,
DRYAS,11,C,light,2022,183,1346,4,,,413.9,,,,,,
DRYAS,11,C,light,2022,183,1346,5,,,413.76,,,,,,
DRYAS,11,C,light,2022,183,1346,6,,,412.96,,,,,,
DRYAS,11,C,light,2022,183,1346,7,,,414.18,,,,,,
DRYAS,11,C,light,2022,183,1346,8,,,414.63,,,,,,
DRYAS,11,C,light,2022,183,1346,9,,,412.76,,,,,,
DRYAS,11,C,light,2022,183,1346,10,,,414.28,,,,,,
DRYAS,11,C,light,2022,183,1346,11,,,413.93,,,,,,
DRYAS,11,C,light,2022,183,1346,12,,,414.63,,,,,,
DRYAS,11,C,light,2022,183,1346,13,,,415.18,,,,,,
DRYAS,11,C,light,2022,183,1346,14,,,413.62,,,,,,
DRYAS,11,C,light,2022,183,1346,15,,,413.76,,,,,,
DRYAS,11,C,light,2022,183,1346,16,,,412.93,,,,,,
DRYAS,11,C,light,2022,183,1346,17,,,414.11,,,,,,
DRYAS,11,C,light,2022,183,1346,18,,,414.14,,,,,,
DRYAS,11,C,light,2022,183,1346,19,,,413.66,,,,,,
DRYAS,11,C,light,2022,183,1346,20,,,413.17,,,,,,
DRYAS,11,C,light,2022,183,1346,21,,,413.55,,,,,,
DRYAS,11,C,light,2022,183,1346,22,,,414.66,,,,,,
DRYAS,11,C,light,2022,183,1346,23,,,412.06,,,,,,
DRYAS,11,C,light,2022,183,1346,24,,,413.07,,,,,,
DRYAS,11,C,light,2022,183,1346,25,,,412.41,,,,,,
DRYAS,11,C,light,2022,183,1346,26,,,413.17,,,,,,
DRYAS,11,C,light,2022,183,1346,27,,,414.56,,,,,,
DRYAS,11,C,light,2022,183,1346,28,,,413.14,,,,,,
DRYAS,11,C,light,2022,183,1346,29,,,414.8,,,,,,
DRYAS,11,C,light,2022,183,1346,30,,,412.65,,,,,,
DRYAS,11,C,light,2022,183,1346,31,,,411.54,,,,,,
DRYAS,11,C,light,2022,183,1346,32,,,414.42,,,,,,
DRYAS,11,C,light,2022,183,1346,33,,,413.24,,,,,,
DRYAS,11,C,light,2022,183,1346,34,,,413.59,,,,,,
DRYAS,11,C,light,2022,183,1346,35,,,413.62,,,,,,
DRYAS,11,C,light,2022,183,1346,36,,,414.04,,,,,,
DRYAS,11,C,light,2022,183,1346,37,,,413.52,,,,,,
DRYAS,11,C,light,2022,183,1346,38,,,413.97,,,,,,
DRYAS,11,C,light,2022,183,1346,39,,,414,,,,,,
DRYAS,11,C,light,2022,183,1346,40,,,414.04,,,,,,
DRYAS,11,C,light,2022,183,1346,41,,,413.86,,,,,,
DRYAS,11,C,light,2022,183,1346,42,,,413.07,,,,,,
DRYAS,11,C,light,2022,183,1346,43,,,413.55,,,,,,
DRYAS,11,C,light,2022,183,1346,44,,,411.96,,,,,,
DRYAS,11,C,light,2022,183,1346,45,,,413.31,,,,,,
DRYAS,11,C,light,2022,183,1346,46,,,413.52,,,,,,
DRYAS,11,C,light,2022,183,1346,47,,,414.73,,,,,,
DRYAS,11,C,light,2022,183,1346,48,,,413.03,,,,,,
DRYAS,11,C,light,2022,183,1346,49,,,413.52,,,,,,
DRYAS,11,C,light,2022,183,1346,50,,,413.31,,,,,,
DRYAS,11,C,light,2022,183,1346,51,,,414.11,,,,,,
DRYAS,11,C,light,2022,183,1346,52,,,413.03,,,,,,
DRYAS,11,C,light,2022,183,1346,53,,,413.45,,,,,,
DRYAS,11,C,light,2022,183,1346,54,,,413.21,,,,,,
DRYAS,11,C,light,2022,183,1346,55,,,413.59,,,,,,
DRYAS,11,C,light,2022,183,1346,56,,,,,,,,,
DRYAS,11,C,light,2022,183,1346,57,,,414.25,,,,,,
DRYAS,11,C,light,2022,183,1346,58,,,413.31,,,,,,
DRYAS,11,C,light,2022,183,1346,59,,,413.62,,,,,,
DRYAS,11,C,light,2022,183,1347,0,,,413.76,,,,,,
DRYAS,11,C,light,2022,183,1347,1,,,412.79,,,,,,
DRYAS,11,C,light,2022,183,1347,2,,,413.03,,,,,,
DRYAS,11,C,light,2022,183,1347,3,,,412.58,,,,,,
DRYAS,11,C,light,2022,183,1347,4,,,413.9,,,,,,
DRYAS,11,C,light,2022,183,1347,5,,,412.93,,,,,,
DRYAS,11,C,light,2022,183,1347,6,,,412.24,,,,,,
DRYAS,11,C,light,2022,183,1347,7,,,414.11,,,,,,
DRYAS,11,C,light,2022,183,1347,8,,,413.38,,,,,,
DRYAS,11,C,light,2022,183,1347,9,,,413.03,,,,,,
DRYAS,11,C,light,2022,183,1347,10,,,412.89,,,,,,
DRYAS,11,C,light,2022,183,1347,11,,,413.21,,,,,,
DRYAS,11,C,light,2022,183,1347,12,,,412.41,,,,,,
DRYAS,11,C,light,2022,183,1347,13,,,414.21,,,,,,
DRYAS,11,C,light,2022,183,1347,14,,,413.73,,,,,,
DRYAS,11,C,light,2022,183,1347,15,,,412.31,,,,,,
DRYAS,11,C,light,2022,183,1347,16,,,411.92,,,,,,
DRYAS,11,C,light,2022,183,1347,17,,,413.35,,,,,,
DRYAS,11,C,light,2022,183,1347,18,,,413.55,,,,,,
DRYAS,11,C,light,2022,183,1347,19,,,412.58,,,,,,
DRYAS,11,C,light,2022,183,1347,20,,,412.76,,,,,,
DRYAS,11,C,light,2022,183,1347,21,,,413.17,,,,,,
DRYAS,11,C,light,2022,183,1347,22,,,413.1,,,,,,
DRYAS,11,C,light,2022,183,1347,23,,,411.96,,,,,,
DRYAS,11,C,light,2022,183,1347,24,,,412.79,,,,,,
DRYAS,11,C,light,2022,183,1347,25,,,412.03,,,,,,
DRYAS,11,C,light,2022,183,1347,26,,,412.79,,,,,,
DRYAS,11,C,light,2022,183,1347,27,,,413.45,,,,,,
DRYAS,11,C,light,2022,183,1347,28,,,412.96,,,,,,
DRYAS,11,C,light,2022,183,1347,29,,,413.62,,,,,,
DRYAS,11,C,light,2022,183,1347,30,,,413.21,,,,,,
DRYAS,11,C,light,2022,183,1347,31,,,,,,,,,
DRYAS,11,C,light,2022,183,1347,32,,,413.27,,,,,,
DRYAS,11,C,light,2022,183,1347,33,,,412.65,,,,,,
DRYAS,11,C,light,2022,183,1347,34,,,412.76,,,,,,
DRYAS,11,C,light,2022,183,1347,35,,,413.35,,,,,,
DRYAS,11,C,light,2022,183,1347,36,,,414.07,,,,,,
DRYAS,11,C,light,2022,183,1347,37,,,413.21,,,,,,
DRYAS,11,C,light,2022,183,1347,38,,,411.89,,,,,,
DRYAS,11,C,light,2022,183,1347,39,,,413.07,,,,,,
DRYAS,11,C,light,2022,183,1347,40,,,413.35,,,,,,
DRYAS,11,C,light,2022,183,1347,41,,,413.9,,,,,,
DRYAS,11,C,light,2022,183,1347,42,,,412.44,,,,,,
DRYAS,11,C,light,2022,183,1347,43,,,413.07,,,,,,
DRYAS,11,C,light,2022,183,1347,44,,,412.89,,,,,,
DRYAS,11,C,light,2022,183,1347,45,,,413,,,,,,
DRYAS,11,C,light,2022,183,1347,46,,,412.9,,,,,,
DRYAS,11,C,light,2022,183,1347,47,,,412.48,,,,,,
DRYAS,11,C,light,2022,183,1347,48,,,412.65,,,,,,
DRYAS,11,C,light,2022,183,1347,49,,,411.4,,,,,,
DRYAS,11,C,light,2022,183,1347,50,,,413.28,,,,,,
DRYAS,11,C,light,2022,183,1347,51,,,412.58,,,,,,
DRYAS,11,C,light,2022,183,1347,52,,,412.51,,,,,,
DRYAS,11,C,light,2022,183,1347,53,,,413.07,,,,,,
DRYAS,11,C,light,2022,183,1347,54,,,412.93,,,,,,
DRYAS,11,C,light,2022,183,1347,55,,,412.1,,,,,,
DRYAS,11,C,light,2022,183,1347,56,,,412.44,,,,,,
DRYAS,11,C,light,2022,183,1347,57,,,413.17,,,,,,
DRYAS,11,C,light,2022,183,1347,58,,,412.71,,,,,,
DRYAS,11,C,light,2022,183,1347,59,,,412.62,,,,,,
DRYAS,11,C,light,2022,183,1348,0,,,413.86,,,,,,
DRYAS,11,C,light,2022,183,1348,1,,,412.51,,,,,,
,,,,,,,,,,,,,,,,
DRYAS,11,C,dark,2022,183,1352,0,,,412.93,,,,,,
DRYAS,11,C,dark,2022,183,1352,1,,,413.48,,,,,,
DRYAS,11,C,dark,2022,183,1352,2,,,414.18,,,,,,
DRYAS,11,C,dark,2022,183,1352,3,,,413.35,,,,,,
DRYAS,11,C,dark,2022,183,1352,4,,,415.35,,,,,,
DRYAS,11,C,dark,2022,183,1352,5,,,413.35,,,,,,
DRYAS,11,C,dark,2022,183,1352,6,,,414.94,,,,,,
DRYAS,11,C,dark,2022,183,1352,7,,,415.01,,,,,,
DRYAS,11,C,dark,2022,183,1352,8,,,413.9,,,,,,
DRYAS,11,C,dark,2022,183,1352,9,,,414.59,,,,,,
DRYAS,11,C,dark,2022,183,1352,10,,,414.32,,,,,,
DRYAS,11,C,dark,2022,183,1352,11,,,413.83,,,,,,
DRYAS,11,C,dark,2022,183,1352,12,,,414.8,,,,,,
DRYAS,11,C,dark,2022,183,1352,13,,,415.29,,,,,,
DRYAS,11,C,dark,2022,183,1352,14,,,413.9,,,,,,
DRYAS,11,C,dark,2022,183,1352,15,,,415.43,,,,,,
DRYAS,11,C,dark,2022,183,1352,16,,,414.32,,,,,,
DRYAS,11,C,dark,2022,183,1352,17,,,414.52,,,,,,
DRYAS,11,C,dark,2022,183,1352,18,,,413.76,,,,,,
DRYAS,11,C,dark,2022,183,1352,19,,,414.32,,,,,,
DRYAS,11,C,dark,2022,183,1352,20,,,414.8,,,,,,
DRYAS,11,C,dark,2022,183,1352,21,,,414.59,,,,,,
DRYAS,11,C,dark,2022,183,1352,22,,,414.39,,,,,,
DRYAS,11,C,dark,2022,183,1352,23,,,415.56,,,,,,
DRYAS,11,C,dark,2022,183,1352,24,,,414.46,,,,,,
DRYAS,11,C,dark,2022,183,1352,25,,,413.9,,,,,,
DRYAS,11,C,dark,2022,183,1352,26,,,414.56,,,,,,
DRYAS,11,C,dark,2022,183,1352,27,,,415.7,,,,,,
DRYAS,11,C,dark,2022,183,1352,28,,,415.36,,,,,,
DRYAS,11,C,dark,2022,183,1352,29,,,415.29,,,,,,
DRYAS,11,C,dark,2022,183,1352,30,,,415.84,,,,,,
DRYAS,11,C,dark,2022,183,1352,31,,,415.29,,,,,,
DRYAS,11,C,dark,2022,183,1352,32,,,416.4,,,,,,
DRYAS,11,C,dark,2022,183,1352,33,,,415.15,,,,,,
DRYAS,11,C,dark,2022,183,1352,34,,,414.46,,,,,,
DRYAS,11,C,dark,2022,183,1352,35,,,417.23,,,,,,
DRYAS,11,C,dark,2022,183,1352,36,,,415.63,,,,,,
DRYAS,11,C,dark,2022,183,1352,37,,,416.4,,,,,,
DRYAS,11,C,dark,2022,183,1352,38,,,414.87,,,,,,
DRYAS,11,C,dark,2022,183,1352,39,,,414.52,,,,,,
DRYAS,11,C,dark,2022,183,1352,40,,,414.9,,,,,,
DRYAS,11,C,dark,2022,183,1352,41,,,415.7,,,,,,
DRYAS,11,C,dark,2022,183,1352,42,,,416.19,,,,,,
DRYAS,11,C,dark,2022,183,1352,43,,,414.73,,,,,,
DRYAS,11,C,dark,2022,183,1352,44,,,415.56,,,,,,
DRYAS,11,C,dark,2022,183,1352,45,,,416.54,,,,,,
DRYAS,11,C,dark,2022,183,1352,46,,,415.08,,,,,,
DRYAS,11,C,dark,2022,183,1352,47,,,416.6,,,,,,
DRYAS,11,C,dark,2022,183,1352,48,,,417.44,,,,,,
DRYAS,11,C,dark,2022,183,1352,49,,,416.81,,,,,,
DRYAS,11,C,dark,2022,183,1352,50,,,417.37,,,,,,
DRYAS,11,C,dark,2022,183,1352,51,,,415.98,,,,,,
DRYAS,11,C,dark,2022,183,1352,52,,,417.71,,,,,,
DRYAS,11,C,dark,2022,183,1352,53,,,417.23,,,,,,
DRYAS,11,C,dark,2022,183,1352,54,,,417.37,,,,,,
DRYAS,11,C,dark,2022,183,1352,55,,,416.74,,,,,,
DRYAS,11,C,dark,2022,183,1352,56,,,416.81,,,,,,
DRYAS,11,C,dark,2022,183,1352,57,,,416.95,,,,,,
DRYAS,11,C,dark,2022,183,1352,58,,,417.99,,,,,,
DRYAS,11,C,dark,2022,183,1352,59,,,417.09,,,,,,
DRYAS,11,C,dark,2022,183,1353,0,,,417.3,,,,,,
DRYAS,11,C,dark,2022,183,1353,1,,,416.88,,,,,,
DRYAS,11,C,dark,2022,183,1353,2,,,418.2,,,,,,
DRYAS,11,C,dark,2022,183,1353,3,,,417.16,,,,,,
DRYAS,11,C,dark,2022,183,1353,4,,,417.37,,,,,,
DRYAS,11,C,dark,2022,183,1353,5,,,417.78,,,,,,
DRYAS,11,C,dark,2022,183,1353,6,,,418.61,,,,,,
DRYAS,11,C,dark,2022,183,1353,7,,,418.27,,,,,,
DRYAS,11,C,dark,2022,183,1353,8,,,417.78,,,,,,
DRYAS,11,C,dark,2022,183,1353,9,,,419.38,,,,,,
DRYAS,11,C,dark,2022,183,1353,10,,,417.37,,,,,,
DRYAS,11,C,dark,2022,183,1353,11,,,419.52,,,,,,
DRYAS,11,C,dark,2022,183,1353,12,,,418.34,,,,,,
DRYAS,11,C,dark,2022,183,1353,13,,,418.41,,,,,,
DRYAS,11,C,dark,2022,183,1353,14,,,418.61,,,,,,
DRYAS,11,C,dark,2022,183,1353,15,,,418.89,,,,,,
DRYAS,11,C,dark,2022,183,1353,16,,,418.41,,,,,,
DRYAS,11,C,dark,2022,183,1353,17,,,418.48,,,,,,
DRYAS,11,C,dark,2022,183,1353,18,,,419.03,,,,,,
DRYAS,11,C,dark,2022,183,1353,19,,,419.03,,,,,,
DRYAS,11,C,dark,2022,183,1353,20,,,419.38,,,,,,
DRYAS,11,C,dark,2022,183,1353,21,,,418.75,,,,,,
DRYAS,11,C,dark,2022,183,1353,22,,,418.68,,,,,,
DRYAS,11,C,dark,2022,183,1353,23,,,418.2,,,,,,
DRYAS,11,C,dark,2022,183,1353,24,,,419.59,,,,,,
DRYAS,11,C,dark,2022,183,1353,25,,,419.79,,,,,,
DRYAS,11,C,dark,2022,183,1353,26,,,419.03,,,,,,
DRYAS,11,C,dark,2022,183,1353,27,,,418.41,,,,,,
DRYAS,11,C,dark,2022,183,1353,28,,,419.59,,,,,,
DRYAS,11,C,dark,2022,183,1353,29,,,419.72,,,,,,
DRYAS,11,C,dark,2022,183,1353,30,,,420.42,,,,,,
DRYAS,11,C,dark,2022,183,1353,31,,,420.14,,,,,,
DRYAS,11,C,dark,2022,183,1353,32,,,420.28,,,,,,
DRYAS,11,C,dark,2022,183,1353,33,,,419.86,,,,,,
DRYAS,11,C,dark,2022,183,1353,34,,,420.56,,,,,,
DRYAS,11,C,dark,2022,183,1353,35,,,420.28,,,,,,
DRYAS,11,C,dark,2022,183,1353,36,,,420.97,,,,,,
DRYAS,11,C,dark,2022,183,1353,37,,,420.9,,,,,,
DRYAS,11,C,dark,2022,183,1353,38,,,420.9,,,,,,
DRYAS,11,C,dark,2022,183,1353,39,,,419.72,,,,,,
DRYAS,11,C,dark,2022,183,1353,40,,,420.76,,,,,,
DRYAS,11,C,dark,2022,183,1353,41,,,420.28,,,,,,
DRYAS,11,C,dark,2022,183,1353,42,,,421.94,,,,,,
DRYAS,11,C,dark,2022,183,1353,43,,,420.35,,,,,,
DRYAS,11,C,dark,2022,183,1353,44,,,420,,,,,,
DRYAS,11,C,dark,2022,183,1353,45,,,419.24,,,,,,
DRYAS,11,C,dark,2022,183,1353,46,,,421.46,,,,,,
DRYAS,11,C,dark,2022,183,1353,47,,,422.29,,,,,,
DRYAS,11,C,dark,2022,183,1353,48,,,420.97,,,,,,
DRYAS,11,C,dark,2022,183,1353,49,,,421.18,,,,,,
DRYAS,11,C,dark,2022,183,1353,50,,,420.42,,,,,,
DRYAS,11,C,dark,2022,183,1353,51,,,422.29,,,,,,
DRYAS,11,C,dark,2022,183,1353,52,,,421.46,,,,,,
DRYAS,11,C,dark,2022,183,1353,53,,,420.83,,,,,,
DRYAS,11,C,dark,2022,183,1353,54,,,421.32,,,,,,
DRYAS,11,C,dark,2022,183,1353,55,,,422.64,,,,,,
DRYAS,11,C,dark,2022,183,1353,56,,,420.9,,,,,,
DRYAS,11,C,dark,2022,183,1353,57,,,423.12,,,,,,
DRYAS,11,C,dark,2022,183,1353,58,,,422.77,,,,,,
DRYAS,11,C,dark,2022,183,1353,59,,,422.64,,,,,,
DRYAS,11,C,dark,2022,183,1354,0,,,422.22,,,,,,
DRYAS,11,C,dark,2022,183,1354,1,,,421.53,,,,,,
,,,,,,,,,,,,,,,,
DRYAS,11,T,light,2022,183,1359,0,,,416.4,,,,,,
DRYAS,11,T,light,2022,183,1359,1,,,416.81,,,,,,
DRYAS,11,T,light,2022,183,1359,2,,,417.64,,,,,,
DRYAS,11,T,light,2022,183,1359,3,,,416.4,,,,,,
DRYAS,11,T,light,2022,183,1359,4,,,415.29,,,,,,
DRYAS,11,T,light,2022,183,1359,5,,,416.19,,,,,,
DRYAS,11,T,light,2022,183,1359,6,,,416.6,,,,,,
DRYAS,11,T,light,2022,183,1359,7,,,415.84,,,,,,
DRYAS,11,T,light,2022,183,1359,8,,,417.51,,,,,,
DRYAS,11,T,light,2022,183,1359,9,,,416.81,,,,,,
DRYAS,11,T,light,2022,183,1359,10,,,415.63,,,,,,
DRYAS,11,T,light,2022,183,1359,11,,,415.84,,,,,,
DRYAS,11,T,light,2022,183,1359,12,,,415.7,,,,,,
DRYAS,11,T,light,2022,183,1359,13,,,416.54,,,,,,
DRYAS,11,T,light,2022,183,1359,14,,,415.7,,,,,,
DRYAS,11,T,light,2022,183,1359,15,,,414.94,,,,,,
DRYAS,11,T,light,2022,183,1359,16,,,415.43,,,,,,
DRYAS,11,T,light,2022,183,1359,17,,,417.23,,,,,,
DRYAS,11,T,light,2022,183,1359,18,,,414.73,,,,,,
DRYAS,11,T,light,2022,183,1359,19,,,416.33,,,,,,
DRYAS,11,T,light,2022,183,1359,20,,,416.54,,,,,,
DRYAS,11,T,light,2022,183,1359,21,,,416.19,,,,,,
DRYAS,11,T,light,2022,183,1359,22,,,414.87,,,,,,
DRYAS,11,T,light,2022,183,1359,23,,,416.26,,,,,,
DRYAS,11,T,light,2022,183,1359,24,,,415.29,,,,,,
DRYAS,11,T,light,2022,183,1359,25,,,416.95,,,,,,
DRYAS,11,T,light,2022,183,1359,26,,,414.73,,,,,,
DRYAS,11,T,light,2022,183,1359,27,,,414.25,,,,,,
DRYAS,11,T,light,2022,183,1359,28,,,415.98,,,,,,
DRYAS,11,T,light,2022,183,1359,29,,,415.43,,,,,,
DRYAS,11,T,light,2022,183,1359,30,,,414.8,,,,,,
DRYAS,11,T,light,2022,183,1359,31,,,414.59,,,,,,
DRYAS,11,T,light,2022,183,1359,32,,,416.26,,,,,,
DRYAS,11,T,light,2022,183,1359,33,,,414.39,,,,,,
DRYAS,11,T,light,2022,183,1359,34,,,414.87,,,,,,
DRYAS,11,T,light,2022,183,1359,35,,,415.36,,,,,,
DRYAS,11,T,light,2022,183,1359,36,,,413.83,,,,,,
DRYAS,11,T,light,2022,183,1359,37,,,415.08,,,,,,
DRYAS,11,T,light,2022,183,1359,38,,,414.73,,,,,,
DRYAS,11,T,light,2022,183,1359,39,,,416.26,,,,,,
DRYAS,11,T,light,2022,183,1359,40,,,414.11,,,,,,
DRYAS,11,T,light,2022,183,1359,41,,,414.46,,,,,,
DRYAS,11,T,light,2022,183,1359,42,,,414.32,,,,,,
DRYAS,11,T,light,2022,183,1359,43,,,415.01,,,,,,
DRYAS,11,T,light,2022,183,1359,44,,,414.87,,,,,,
DRYAS,11,T,light,2022,183,1359,45,,,415.08,,,,,,
DRYAS,11,T,light,2022,183,1359,46,,,413.07,,,,,,
DRYAS,11,T,light,2022,183,1359,47,,,414.46,,,,,,
DRYAS,11,T,light,2022,183,1359,48,,,413.62,,,,,,
DRYAS,11,T,light,2022,183,1359,49,,,412.86,,,,,,
DRYAS,11,T,light,2022,183,1359,50,,,413.62,,,,,,
DRYAS,11,T,light,2022,183,1359,51,,,413.76,,,,,,
DRYAS,11,T,light,2022,183,1359,52,,,415.7,,,,,,
DRYAS,11,T,light,2022,183,1359,53,,,412.65,,,,,,
DRYAS,11,T,light,2022,183,1359,54,,,415.56,,,,,,
DRYAS,11,T,light,2022,183,1359,55,,,414.39,,,,,,
DRYAS,11,T,light,2022,183,1359,56,,,412.93,,,,,,
DRYAS,11,T,light,2022,183,1359,57,,,413.9,,,,,,
DRYAS,11,T,light,2022,183,1359,58,,,415.7,,,,,,
DRYAS,11,T,light,2022,183,1359,59,,,414.39,,,,,,
DRYAS,11,T,light,2022,183,1400,0,,,413.73,,,,,,
DRYAS,11,T,light,2022,183,1400,1,,,413.62,,,,,,
DRYAS,11,T,light,2022,183,1400,2,,,412.72,,,,,,
DRYAS,11,T,light,2022,183,1400,3,,,414.46,,,,,,
DRYAS,11,T,light,2022,183,1400,4,,,414.32,,,,,,
DRYAS,11,T,light,2022,183,1400,5,,,413.55,,,,,,
DRYAS,11,T,light,2022,183,1400,6,,,413.07,,,,,,
DRYAS,11,T,light,2022,183,1400,7,,,413.48,,,,,,
DRYAS,11,T,light,2022,183,1400,8,,,413.62,,,,,,
DRYAS,11,T,light,2022,183,1400,9,,,413.42,,,,,,
DRYAS,11,T,light,2022,183,1400,10,,,413.42,,,,,,
DRYAS,11,T,light,2022,183,1400,11,,,414.59,,,,,,
DRYAS,11,T,light,2022,183,1400,12,,,412.51,,,,,,
DRYAS,11,T,light,2022,183,1400,13,,,413.35,,,,,,
DRYAS,11,T,light,2022,183,1400,14,,,413.14,,,,,,
DRYAS,11,T,light,2022,183,1400,15,,,412.1,,,,,,
DRYAS,11,T,light,2022,183,1400,16,,,414.59,,,,,,
DRYAS,11,T,light,2022,183,1400,17,,,413.48,,,,,,
DRYAS,11,T,light,2022,183,1400,18,,,412.93,,,,,,
DRYAS,11,T,light,2022,183,1400,19,,,413.07,,,,,,
DRYAS,11,T,light,2022,183,1400,20,,,412.79,,,,,,
DRYAS,11,T,light,2022,183,1400,21,,,412.03,,,,,,
DRYAS,11,T,light,2022,183,1400,22,,,412.51,,,,,,
DRYAS,11,T,light,2022,183,1400,23,,,413.35,,,,,,
DRYAS,11,T,light,2022,183,1400,24,,,413.42,,,,,,
DRYAS,11,T,light,2022,183,1400,25,,,414.18,,,,,,
DRYAS,11,T,light,2022,183,1400,26,,,412.1,,,,,,
DRYAS,11,T,light,2022,183,1400,27,,,412.72,,,,,,
DRYAS,11,T,light,2022,183,1400,28,,,412.17,,,,,,
DRYAS,11,T,light,2022,183,1400,29,,,412.58,,,,,,
DRYAS,11,T,light,2022,183,1400,30,,,412.65,,,,,,
DRYAS,11,T,light,2022,183,1400,31,,,412.03,,,,,,
DRYAS,11,T,light,2022,183,1400,32,,,412.24,,,,,,
DRYAS,11,T,light,2022,183,1400,33,,,412.38,,,,,,
DRYAS,11,T,light,2022,183,1400,34,,,413.48,,,,,,
DRYAS,11,T,light,2022,183,1400,35,,,413.07,,,,,,
DRYAS,11,T,light,2022,183,1400,36,,,412.79,,,,,,
DRYAS,11,T,light,2022,183,1400,37,,,413.42,,,,,,
DRYAS,11,T,light,2022,183,1400,38,,,411.27,,,,,,
DRYAS,11,T,light,2022,183,1400,39,,,413.07,,,,,,
DRYAS,11,T,light,2022,183,1400,40,,,412.93,,,,,,
DRYAS,11,T,light,2022,183,1400,41,,,413.21,,,,,,
DRYAS,11,T,light,2022,183,1400,42,,,411.82,,,,,,
DRYAS,11,T,light,2022,183,1400,43,,,412.03,,,,,,
DRYAS,11,T,light,2022,183,1400,44,,,412.72,,,,,,
DRYAS,11,T,light,2022,183,1400,45,,,412.24,,,,,,
DRYAS,11,T,light,2022,183,1400,46,,,412.17,,,,,,
DRYAS,11,T,light,2022,183,1400,47,,,411.27,,,,,,
DRYAS,11,T,light,2022,183,1400,48,,,411.34,,,,,,
DRYAS,11,T,light,2022,183,1400,49,,,411.68,,,,,,
DRYAS,11,T,light,2022,183,1400,50,,,410.64,,,,,,
DRYAS,11,T,light,2022,183,1400,51,,,410.85,,,,,,
DRYAS,11,T,light,2022,183,1400,52,,,413.48,,,,,,
DRYAS,11,T,light,2022,183,1400,53,,,411.83,,,,,,
DRYAS,11,T,light,2022,183,1400,54,,,412.24,,,,,,
DRYAS,11,T,light,2022,183,1400,55,,,413.21,,,,,,
DRYAS,11,T,light,2022,183,1400,56,,,411.13,,,,,,
DRYAS,11,T,light,2022,183,1400,57,,,412.58,,,,,,
DRYAS,11,T,light,2022,183,1400,58,,,412.79,,,,,,
DRYAS,11,T,light,2022,183,1400,59,,,412.03,,,,,,
DRYAS,11,T,light,2022,183,1401,0,,,411.82,,,,,,
DRYAS,11,T,light,2022,183,1401,1,,,410.43,,,,,,
DRYAS,11,T,light,2022,183,1401,2,,,411.68,,,,,,
,,,,,,,,,,,,,,,,
DRYAS,11,T,dark,2022,183,1404,0,,,411.82,,,,,,
DRYAS,11,T,dark,2022,183,1404,1,,,412.93,,,,,,
DRYAS,11,T,dark,2022,183,1404,2,,,414.73,,,,,,
DRYAS,11,T,dark,2022,183,1404,3,,,414.18,,,,,,
DRYAS,11,T,dark,2022,183,1404,4,,,414.25,,,,,,
DRYAS,11,T,dark,2022,183,1404,5,,,413.76,,,,,,
DRYAS,11,T,dark,2022,183,1404,6,,,413.69,,,,,,
DRYAS,11,T,dark,2022,183,1404,7,,,412.79,,,,,,
DRYAS,11,T,dark,2022,183,1404,8,,,414.11,,,,,,
DRYAS,11,T,dark,2022,183,1404,9,,,414.59,,,,,,
DRYAS,11,T,dark,2022,183,1404,10,,,414.87,,,,,,
DRYAS,11,T,dark,2022,183,1404,11,,,414.39,,,,,,
DRYAS,11,T,dark,2022,183,1404,12,,,414.32,,,,,,
DRYAS,11,T,dark,2022,183,1404,13,,,415.29,,,,,,
DRYAS,11,T,dark,2022,183,1404,14,,,413.76,,,,,,
DRYAS,11,T,dark,2022,183,1404,15,,,413.9,,,,,,
DRYAS,11,T,dark,2022,183,1404,16,,,412.93,,,,,,
DRYAS,11,T,dark,2022,183,1404,17,,,413.48,,,,,,
DRYAS,11,T,dark,2022,183,1404,18,,,415.01,,,,,,
DRYAS,11,T,dark,2022,183,1404,19,,,415.15,,,,,,
DRYAS,11,T,dark,2022,183,1404,20,,,413.83,,,,,,
DRYAS,11,T,dark,2022,183,1404,21,,,414.04,,,,,,
DRYAS,11,T,dark,2022,183,1404,22,,,414.32,,,,,,
DRYAS,11,T,dark,2022,183,1404,23,,,414.39,,,,,,
DRYAS,11,T,dark,2022,183,1404,24,,,413.28,,,,,,
DRYAS,11,T,dark,2022,183,1404,25,,,414.46,,,,,,
DRYAS,11,T,dark,2022,183,1404,26,,,415.56,,,,,,
DRYAS,11,T,dark,2022,183,1404,27,,,415.7,,,,,,
DRYAS,11,T,dark,2022,183,1404,28,,,414.25,,,,,,
DRYAS,11,T,dark,2022,183,1404,29,,,414.73,,,,,,
DRYAS,11,T,dark,2022,183,1404,30,,,414.11,,,,,,
DRYAS,11,T,dark,2022,183,1404,31,,,414.18,,,,,,
DRYAS,11,T,dark,2022,183,1404,32,,,416.19,,,,,,
DRYAS,11,T,dark,2022,183,1404,33,,,415.7,,,,,,
DRYAS,11,T,dark,2022,183,1404,34,,,415.91,,,,,,
DRYAS,11,T,dark,2022,183,1404,35,,,415.5,,,,,,
DRYAS,11,T,dark,2022,183,1404,36,,,415.01,,,,,,
DRYAS,11,T,dark,2022,183,1404,37,,,414.94,,,,,,
DRYAS,11,T,dark,2022,183,1404,38,,,415.43,,,,,,
DRYAS,11,T,dark,2022,183,1404,39,,,414.87,,,,,,
DRYAS,11,T,dark,2022,183,1404,40,,,416.12,,,,,,
DRYAS,11,T,dark,2022,183,1404,41,,,415.56,,,,,,
DRYAS,11,T,dark,2022,183,1404,42,,,416.54,,,,,,
DRYAS,11,T,dark,2022,183,1404,43,,,416.6,,,,,,
DRYAS,11,T,dark,2022,183,1404,44,,,416.4,,,,,,
DRYAS,11,T,dark,2022,183,1404,45,,,416.33,,,,,,
DRYAS,11,T,dark,2022,183,1404,46,,,417.58,,,,,,
DRYAS,11,T,dark,2022,183,1404,47,,,416.54,,,,,,
DRYAS,11,T,dark,2022,183,1404,48,,,416.67,,,,,,
DRYAS,11,T,dark,2022,183,1404,49,,,418.2,,,,,,
DRYAS,11,T,dark,2022,183,1404,50,,,416.88,,,,,,
DRYAS,11,T,dark,2022,183,1404,51,,,416.33,,,,,,
DRYAS,11,T,dark,2022,183,1404,52,,,417.71,,,,,,
DRYAS,11,T,dark,2022,183,1404,53,,,416.47,,,,,,
DRYAS,11,T,dark,2022,183,1404,54,,,418.13,,,,,,
DRYAS,11,T,dark,2022,183,1404,55,,,416.67,,,,,,
DRYAS,11,T,dark,2022,183,1404,56,,,417.58,,,,,,
DRYAS,11,T,dark,2022,183,1404,57,,,418.27,,,,,,
DRYAS,11,T,dark,2022,183,1404,58,,,417.09,,,,,,
DRYAS,11,T,dark,2022,183,1404,59,,,417.99,,,,,,
DRYAS,11,T,dark,2022,183,1405,0,,,417.78,,,,,,
DRYAS,11,T,dark,2022,183,1405,1,,,417.44,,,,,,
DRYAS,11,T,dark,2022,183,1405,2,,,417.99,,,,,,
DRYAS,11,T,dark,2022,183,1405,3,,,418.89,,,,,,
DRYAS,11,T,dark,2022,183,1405,4,,,418.61,,,,,,
DRYAS,11,T,dark,2022,183,1405,5,,,418.75,,,,,,
DRYAS,11,T,dark,2022,183,1405,6,,,419.03,,,,,,
DRYAS,11,T,dark,2022,183,1405,7,,,418.27,,,,,,
DRYAS,11,T,dark,2022,183,1405,8,,,419.31,,,,,,
DRYAS,11,T,dark,2022,183,1405,9,,,417.78,,,,,,
DRYAS,11,T,dark,2022,183,1405,10,,,419.93,,,,,,
DRYAS,11,T,dark,2022,183,1405,11,,,419.31,,,,,,
DRYAS,11,T,dark,2022,183,1405,12,,,420.9,,,,,,
DRYAS,11,T,dark,2022,183,1405,13,,,418.48,,,,,,
DRYAS,11,T,dark,2022,183,1405,14,,,420.07,,,,,,
DRYAS,11,T,dark,2022,183,1405,15,,,419.79,,,,,,
DRYAS,11,T,dark,2022,183,1405,16,,,419.17,,,,,,
DRYAS,11,T,dark,2022,183,1405,17,,,420.49,,,,,,
DRYAS,11,T,dark,2022,183,1405,18,,,420.69,,,,,,
DRYAS,11,T,dark,2022,183,1405,19,,,419.1,,,,,,
DRYAS,11,T,dark,2022,183,1405,20,,,419.1,,,,,,
DRYAS,11,T,dark,2022,183,1405,21,,,419.79,,,,,,
DRYAS,11,T,dark,2022,183,1405,22,,,419.1,,,,,,
DRYAS,11,T,dark,2022,183,1405,23,,,420,,,,,,
DRYAS,11,T,dark,2022,183,1405,24,,,420.97,,,,,,
DRYAS,11,T,dark,2022,183,1405,25,,,420,,,,,,
DRYAS,11,T,dark,2022,183,1405,26,,,420.76,,,,,,
DRYAS,11,T,dark,2022,183,1405,27,,,420,,,,,,
DRYAS,11,T,dark,2022,183,1405,28,,,420.56,,,,,,
DRYAS,11,T,dark,2022,183,1405,29,,,420.49,,,,,,
DRYAS,11,T,dark,2022,183,1405,30,,,421.18,,,,,,
DRYAS,11,T,dark,2022,183,1405,31,,,421.11,,,,,,
DRYAS,11,T,dark,2022,183,1405,32,,,421.8,,,,,,
DRYAS,11,T,dark,2022,183,1405,33,,,421.73,,,,,,
DRYAS,11,T,dark,2022,183,1405,34,,,420.49,,,,,,
DRYAS,11,T,dark,2022,183,1405,35,,,420.28,,,,,,
DRYAS,11,T,dark,2022,183,1405,36,,,421.94,,,,,,
DRYAS,11,T,dark,2022,183,1405,37,,,420.69,,,,,,
DRYAS,11,T,dark,2022,183,1405,38,,,420.97,,,,,,
DRYAS,11,T,dark,2022,183,1405,39,,,422.36,,,,,,
DRYAS,11,T,dark,2022,183,1405,40,,,422.43,,,,,,
DRYAS,11,T,dark,2022,183,1405,41,,,421.53,,,,,,
DRYAS,11,T,dark,2022,183,1405,42,,,422.01,,,,,,
DRYAS,11,T,dark,2022,183,1405,43,,,421.25,,,,,,
DRYAS,11,T,dark,2022,183,1405,44,,,421.32,,,,,,
DRYAS,11,T,dark,2022,183,1405,45,,,421.67,,,,,,
DRYAS,11,T,dark,2022,183,1405,46,,,420.9,,,,,,
DRYAS,11,T,dark,2022,183,1405,47,,,422.08,,,,,,
DRYAS,11,T,dark,2022,183,1405,48,,,423.12,,,,,,
DRYAS,11,T,dark,2022,183,1405,49,,,422.77,,,,,,
DRYAS,11,T,dark,2022,183,1405,50,,,422.77,,,,,,
DRYAS,11,T,dark,2022,183,1405,51,,,423.4,,,,,,
DRYAS,11,T,dark,2022,183,1405,52,,,421.73,,,,,,
DRYAS,11,T,dark,2022,183,1405,53,,,422.5,,,,,,
DRYAS,11,T,dark,2022,183,1405,54,,,423.12,,,,,,
DRYAS,11,T,dark,2022,183,1405,55,,,423.4,,,,,,
DRYAS,11,T,dark,2022,183,1405,56,,,423.12,,,,,,
DRYAS,11,T,dark,2022,183,1405,57,,,424.3,,,,,,
DRYAS,11,T,dark,2022,183,1405,58,,,422.57,,,,,,
DRYAS,11,T,dark,2022,183,1405,59,,,421.94,,,,,,
DRYAS,11,T,dark,2022,183,1406,0,,,423.54,,,,,,
DRYAS,11,T,dark,2022,183,1406,1,,,424.16,,,,,,
DRYAS,11,T,dark,2022,183,1406,2,,,424.16,,,,,,
,,,,,,,,,,,,,,,,
DRYAS,12,C,light,2022,183,1411,0,,,416.67,,,,,,
DRYAS,12,C,light,2022,183,1411,1,,,415.5,,,,,,
DRYAS,12,C,light,2022,183,1411,2,,,416.95,,,,,,
DRYAS,12,C,light,2022,183,1411,3,,,415.5,,,,,,
DRYAS,12,C,light,2022,183,1411,4,,,413.21,,,,,,
DRYAS,12,C,light,2022,183,1411,5,,,417.78,,,,,,
DRYAS,12,C,light,2022,183,1411,6,,,415.77,,,,,,
DRYAS,12,C,light,2022,183,1411,7,,,416.05,,,,,,
DRYAS,12,C,light,2022,183,1411,8,,,417.02,,,,,,
DRYAS,12,C,light,2022,183,1411,9,,,414.11,,,,,,
DRYAS,12,C,light,2022,183,1411,10,,,414.87,,,,,,
DRYAS,12,C,light,2022,183,1411,11,,,415.43,,,,,,
DRYAS,12,C,light,2022,183,1411,12,,,416.67,,,,,,
DRYAS,12,C,light,2022,183,1411,13,,,416.33,,,,,,
DRYAS,12,C,light,2022,183,1411,14,,,415.98,,,,,,
DRYAS,12,C,light,2022,183,1411,15,,,416.4,,,,,,
DRYAS,12,C,light,2022,183,1411,16,,,415.63,,,,,,
DRYAS,12,C,light,2022,183,1411,17,,,415.12,,,,,,
DRYAS,12,C,light,2022,183,1411,18,,,414.18,,,,,,
DRYAS,12,C,light,2022,183,1411,19,,,416.63,,,,,,
DRYAS,12,C,light,2022,183,1411,20,,,415.77,,,,,,
DRYAS,12,C,light,2022,183,1411,21,,,417.78,,,,,,
DRYAS,12,C,light,2022,183,1411,22,,,417.64,,,,,,
DRYAS,12,C,light,2022,183,1411,23,,,415.98,,,,,,
DRYAS,12,C,light,2022,183,1411,24,,,415.98,,,,,,
DRYAS,12,C,light,2022,183,1411,25,,,414.25,,,,,,
DRYAS,12,C,light,2022,183,1411,26,,,414.94,,,,,,
DRYAS,12,C,light,2022,183,1411,27,,,416.54,,,,,,
DRYAS,12,C,light,2022,183,1411,28,,,415.08,,,,,,
DRYAS,12,C,light,2022,183,1411,29,,,415.84,,,,,,
DRYAS,12,C,light,2022,183,1411,30,,,416.54,,,,,,
DRYAS,12,C,light,2022,183,1411,31,,,415.84,,,,,,
DRYAS,12,C,light,2022,183,1411,32,,,414.87,,,,,,
DRYAS,12,C,light,2022,183,1411,33,,,414.73,,,,,,
DRYAS,12,C,light,2022,183,1411,34,,,416.26,,,,,,
DRYAS,12,C,light,2022,183,1411,35,,,415.77,,,,,,
DRYAS,12,C,light,2022,183,1411,36,,,416.88,,,,,,
DRYAS,12,C,light,2022,183,1411,37,,,416.12,,,,,,
DRYAS,12,C,light,2022,183,1411,38,,,417.58,,,,,,
DRYAS,12,C,light,2022,183,1411,39,,,416.54,,,,,,
DRYAS,12,C,light,2022,183,1411,40,,,416.67,,,,,,
DRYAS,12,C,light,2022,183,1411,41,,,415.77,,,,,,
DRYAS,12,C,light,2022,183,1411,42,,,415.7,,,,,,
DRYAS,12,C,light,2022,183,1411,43,,,416.12,,,,,,
DRYAS,12,C,light,2022,183,1411,44,,,416.4,,,,,,
DRYAS,12,C,light,2022,183,1411,45,,,415.43,,,,,,
DRYAS,12,C,light,2022,183,1411,46,,,416.67,,,,,,
DRYAS,12,C,light,2022,183,1411,47,,,414.52,,,,,,
DRYAS,12,C,light,2022,183,1411,48,,,416.19,,,,,,
DRYAS,12,C,light,2022,183,1411,49,,,416.81,,,,,,
DRYAS,12,C,light,2022,183,1411,50,,,415.84,,,,,,
DRYAS,12,C,light,2022,183,1411,51,,,416.81,,,,,,
DRYAS,12,C,light,2022,183,1411,52,,,415.91,,,,,,
DRYAS,12,C,light,2022,183,1411,53,,,415.22,,,,,,
DRYAS,12,C,light,2022,183,1411,54,,,417.37,,,,,,
DRYAS,12,C,light,2022,183,1411,55,,,417.23,,,,,,
DRYAS,12,C,light,2022,183,1411,56,,,416.6,,,,,,
DRYAS,12,C,light,2022,183,1411,57,,,414.18,,,,,,
DRYAS,12,C,light,2022,183,1411,58,,,417.02,,,,,,
DRYAS,12,C,light,2022,183,1411,59,,,416.12,,,,,,
DRYAS,12,C,light,2022,183,1412,0,,,416.95,,,,,,
DRYAS,12,C,light,2022,183,1412,1,,,416.81,,,,,,
DRYAS,12,C,light,2022,183,1412,2,,,415.91,,,,,,
DRYAS,12,C,light,2022,183,1412,3,,,415.77,,,,,,
DRYAS,12,C,light,2022,183,1412,4,,,417.23,,,,,,
DRYAS,12,C,light,2022,183,1412,5,,,416.95,,,,,,
DRYAS,12,C,light,2022,183,1412,6,,,417.09,,,,,,
DRYAS,12,C,light,2022,183,1412,7,,,415.63,,,,,,
DRYAS,12,C,light,2022,183,1412,8,,,416.4,,,,,,
DRYAS,12,C,light,2022,183,1412,9,,,417.78,,,,,,
DRYAS,12,C,light,2022,183,1412,10,,,415.77,,,,,,
DRYAS,12,C,light,2022,183,1412,11,,,416.12,,,,,,
DRYAS,12,C,light,2022,183,1412,12,,,415.56,,,,,,
DRYAS,12,C,light,2022,183,1412,13,,,417.23,,,,,,
DRYAS,12,C,light,2022,183,1412,14,,,417.16,,,,,,
DRYAS,12,C,light,2022,183,1412,15,,,416.26,,,,,,
DRYAS,12,C,light,2022,183,1412,16,,,415.54,,,,,,
DRYAS,12,C,light,2022,183,1412,17,,,417.3,,,,,,
DRYAS,12,C,light,2022,183,1412,18,,,415.56,,,,,,
DRYAS,12,C,light,2022,183,1412,19,,,417.09,,,,,,
DRYAS,12,C,light,2022,183,1412,20,,,416.95,,,,,,
DRYAS,12,C,light,2022,183,1412,21,,,417.78,,,,,,
DRYAS,12,C,light,2022,183,1412,22,,,416.67,,,,,,
DRYAS,12,C,light,2022,183,1412,23,,,416.95,,,,,,
DRYAS,12,C,light,2022,183,1412,24,,,416.05,,,,,,
DRYAS,12,C,light,2022,183,1412,25,,,417.37,,,,,,
DRYAS,12,C,light,2022,183,1412,26,,,417.51,,,,,,
DRYAS,12,C,light,2022,183,1412,27,,,416.12,,,,,,
DRYAS,12,C,light,2022,183,1412,28,,,417.02,,,,,,
DRYAS,12,C,light,2022,183,1412,29,,,417.44,,,,,,
DRYAS,12,C,light,2022,183,1412,30,,,417.3,,,,,,
DRYAS,12,C,light,2022,183,1412,31,,,415.98,,,,,,
DRYAS,12,C,light,2022,183,1412,32,,,415.63,,,,,,
DRYAS,12,C,light,2022,183,1412,33,,,417.37,,,,,,
DRYAS,12,C,light,2022,183,1412,34,,,417.92,,,,,,
DRYAS,12,C,light,2022,183,1412,35,,,418.13,,,,,,
DRYAS,12,C,light,2022,183,1412,36,,,417.58,,,,,,
DRYAS,12,C,light,2022,183,1412,37,,,416.81,,,,,,
DRYAS,12,C,light,2022,183,1412,38,,,415.98,,,,,,
DRYAS,12,C,light,2022,183,1412,39,,,417.23,,,,,,
DRYAS,12,C,light,2022,183,1412,40,,,417.99,,,,,,
DRYAS,12,C,light,2022,183,1412,41,,,417.16,,,,,,
DRYAS,12,C,light,2022,183,1412,42,,,416.54,,,,,,
DRYAS,12,C,light,2022,183,1412,43,,,415.84,,,,,,
DRYAS,12,C,light,2022,183,1412,44,,,417.71,,,,,,
DRYAS,12,C,light,2022,183,1412,45,,,416.05,,,,,,
DRYAS,12,C,light,2022,183,1412,46,,,417.37,,,,,,
DRYAS,12,C,light,2022,183,1412,47,,,416.67,,,,,,
DRYAS,12,C,light,2022,183,1412,48,,,416.26,,,,,,
DRYAS,12,C,light,2022,183,1412,49,,,417.64,,,,,,
DRYAS,12,C,light,2022,183,1412,50,,,418.13,,,,,,
DRYAS,12,C,light,2022,183,1412,51,,,417.09,,,,,,
DRYAS,12,C,light,2022,183,1412,52,,,417.51,,,,,,
DRYAS,12,C,light,2022,183,1412,53,,,416.81,,,,,,
DRYAS,12,C,light,2022,183,1412,54,,,415.56,,,,,,
DRYAS,12,C,light,2022,183,1412,55,,,416.81,,,,,,
DRYAS,12,C,light,2022,183,1412,56,,,417.44,,,,,,
DRYAS,12,C,light,2022,183,1412,57,,,418.61,,,,,,
DRYAS,12,C,light,2022,183,1412,58,,,417.64,,,,,,
DRYAS,12,C,light,2022,183,1412,59,,,416.19,,,,,,
DRYAS,12,C,light,2022,183,1413,0,,,418.34,,,,,,
DRYAS,12,C,light,2022,183,1413,1,,,417.16,,,,,,
,,,,,,,,,,,,,,,,
DRYAS,12,C,dark,2022,183,1415,0,,,430.16,,,,,,
DRYAS,12,C,dark,2022,183,1415,1,,,431.09,,,,,,
DRYAS,12,C,dark,2022,183,1415,2,,,429.5,,,,,,
DRYAS,12,C,dark,2022,183,1415,3,,,430.33,,,,,,
DRYAS,12,C,dark,2022,183,1415,4,,,430.96,,,,,,
DRYAS,12,C,dark,2022,183,1415,5,,,430.47,,,,,,
DRYAS,12,C,dark,2022,183,1415,6,,,430.05,,,,,,
DRYAS,12,C,dark,2022,183,1415,7,,,430.75,,,,,,
DRYAS,12,C,dark,2022,183,1415,8,,,429.85,,,,,,
DRYAS,12,C,dark,2022,183,1415,9,,,429.5,,,,,,
DRYAS,12,C,dark,2022,183,1415,10,,,430.61,,,,,,
DRYAS,12,C,dark,2022,183,1415,11,,,430.26,,,,,,
DRYAS,12,C,dark,2022,183,1415,12,,,420.26,,,,,,
DRYAS,12,C,dark,2022,183,1415,13,,,429.71,,,,,,
DRYAS,12,C,dark,2022,183,1415,14,,,429.92,,,,,,
DRYAS,12,C,dark,2022,183,1415,15,,,430.12,,,,,,
DRYAS,12,C,dark,2022,183,1415,16,,,430.68,,,,,,
DRYAS,12,C,dark,2022,183,1415,17,,,429.92,,,,,,
DRYAS,12,C,dark,2022,183,1415,18,,,429.78,,,,,,
DRYAS,12,C,dark,2022,183,1415,19,,,430.89,,,,,,
DRYAS,12,C,dark,2022,183,1415,20,,,429.92,,,,,,
DRYAS,12,C,dark,2022,183,1415,21,,,430.19,,,,,,
DRYAS,12,C,dark,2022,183,1415,22,,,430.61,,,,,,
DRYAS,12,C,dark,2022,183,1415,23,,,430.4,,,,,,
DRYAS,12,C,dark,2022,183,1415,24,,,430.4,,,,,,
DRYAS,12,C,dark,2022,183,1415,25,,,430.54,,,,,,
DRYAS,12,C,dark,2022,183,1415,26,,,420.05,,,,,,
DRYAS,12,C,dark,2022,183,1415,27,,,423,,,,,,
DRYAS,12,C,dark,2022,183,1415,28,,,430.89,,,,,,
DRYAS,12,C,dark,2022,183,1415,29,,,431.16,,,,,,
DRYAS,12,C,dark,2022,183,1415,30,,,431.79,,,,,,
DRYAS,12,C,dark,2022,183,1415,31,,,431.72,,,,,,
DRYAS,12,C,dark,2022,183,1415,32,,,431.86,,,,,,
DRYAS,12,C,dark,2022,183,1415,33,,,431.72,,,,,,
DRYAS,12,C,dark,2022,183,1415,34,,,432.07,,,,,,
DRYAS,12,C,dark,2022,183,1415,35,,,432.27,,,,,,
DRYAS,12,C,dark,2022,183,1415,36,,,431.72,,,,,,
DRYAS,12,C,dark,2022,183,1415,37,,,421.44,,,,,,
DRYAS,12,C,dark,2022,183,1415,38,,,433.24,,,,,,
DRYAS,12,C,dark,2022,183,1415,39,,,431.16,,,,,,
DRYAS,12,C,dark,2022,183,1415,40,,,431.27,,,,,,
DRYAS,12,C,dark,2022,183,1415,41,,,431.37,,,,,,
DRYAS,12,C,dark,2022,183,1415,42,,,433.04,,,,,,
DRYAS,12,C,dark,2022,183,1415,43,,,430.96,,,,,,
DRYAS,12,C,dark,2022,183,1415,44,,,433.17,,,,,,
DRYAS,12,C,dark,2022,183,1415,45,,,424.08,,,,,,
DRYAS,12,C,dark,2022,183,1415,46,,,423.83,,,,,,
DRYAS,12,C,dark,2022,183,1415,47,,,433.38,,,,,,
DRYAS,12,C,dark,2022,183,1415,48,,,432.27,,,,,,
DRYAS,12,C,dark,2022,183,1415,49,,,433.1,,,,,,
DRYAS,12,C,dark,2022,183,1415,50,,,432.07,,,,,,
DRYAS,12,C,dark,2022,183,1415,51,,,432.07,,,,,,
DRYAS,12,C,dark,2022,183,1415,52,,,432.41,,,,,,
DRYAS,12,C,dark,2022,183,1415,53,,,434.38,,,,,,
DRYAS,12,C,dark,2022,183,1415,54,,,433.73,,,,,,
DRYAS,12,C,dark,2022,183,1415,55,,,434.01,,,,,,
DRYAS,12,C,dark,2022,183,1415,56,,,433.38,,,,,,
DRYAS,12,C,dark,2022,183,1415,57,,,433.24,,,,,,
DRYAS,12,C,dark,2022,183,1415,58,,,434.14,,,,,,
DRYAS,12,C,dark,2022,183,1415,59,,,434.28,,,,,,
DRYAS,12,C,dark,2022,183,1416,0,,,433.94,,,,,,
DRYAS,12,C,dark,2022,183,1416,1,,,433.98,,,,,,
DRYAS,12,C,dark,2022,183,1416,2,,,432.62,,,,,,
DRYAS,12,C,dark,2022,183,1416,3,,,434.42,,,,,,
DRYAS,12,C,dark,2022,183,1416,4,,,433.8,,,,,,
DRYAS,12,C,dark,2022,183,1416,5,,,435.81,,,,,,
DRYAS,12,C,dark,2022,183,1416,6,,,434.91,,,,,,
DRYAS,12,C,dark,2022,183,1416,7,,,433.8,,,,,,
DRYAS,12,C,dark,2022,183,1416,8,,,434.91,,,,,,
DRYAS,12,C,dark,2022,183,1416,9,,,434.77,,,,,,
DRYAS,12,C,dark,2022,183,1416,10,,,434.92,,,,,,
DRYAS,12,C,dark,2022,183,1416,11,,,435.46,,,,,,
DRYAS,12,C,dark,2022,183,1416,12,,,434.56,,,,,,
DRYAS,12,C,dark,2022,183,1416,13,,,436.22,,,,,,
DRYAS,12,C,dark,2022,183,1416,14,,,434.35,,,,,,
DRYAS,12,C,dark,2022,183,1416,15,,,435.81,,,,,,
DRYAS,12,C,dark,2022,183,1416,16,,,436.22,,,,,,
DRYAS,12,C,dark,2022,183,1416,17,,,434.91,,,,,,
DRYAS,12,C,dark,2022,183,1416,18,,,435.88,,,,,,
DRYAS,12,C,dark,2022,183,1416,19,,,434.49,,,,,,
DRYAS,12,C,dark,2022,183,1416,20,,,434.84,,,,,,
DRYAS,12,C,dark,2022,183,1416,21,,,436.99,,,,,,
DRYAS,12,C,dark,2022,183,1416,22,,,434.35,,,,,,
DRYAS,12,C,dark,2022,183,1416,23,,,437.13,,,,,,
DRYAS,12,C,dark,2022,183,1416,24,,,435.74,,,,,,
DRYAS,12,C,dark,2022,183,1416,25,,,437.06,,,,,,
DRYAS,12,C,dark,2022,183,1416,26,,,436.29,,,,,,
DRYAS,12,C,dark,2022,183,1416,27,,,436.78,,,,,,
DRYAS,12,C,dark,2022,183,1416,28,,,436.43,,,,,,
DRYAS,12,C,dark,2022,183,1416,29,,,436.43,,,,,,
DRYAS,12,C,dark,2022,183,1416,30,,,437.13,,,,,,
DRYAS,12,C,dark,2022,183,1416,31,,,437.33,,,,,,
DRYAS,12,C,dark,2022,183,1416,32,,,437.4,,,,,,
DRYAS,12,C,dark,2022,183,1416,33,,,435.74,,,,,,
DRYAS,12,C,dark,2022,183,1416,34,,,438.03,,,,,,
DRYAS,12,C,dark,2022,183,1416,35,,,435.67,,,,,,
DRYAS,12,C,dark,2022,183,1416,36,,,437.89,,,,,,
DRYAS,12,C,dark,2022,183,1416,37,,,437.47,,,,,,
DRYAS,12,C,dark,2022,183,1416,38,,,437.4,,,,,,
DRYAS,12,C,dark,2022,183,1416,39,,,438.03,,,,,,
DRYAS,12,C,dark,2022,183,1416,40,,,437.68,,,,,,
DRYAS,12,C,dark,2022,183,1416,41,,,435.85,,,,,,
DRYAS,12,C,dark,2022,183,1416,42,,,438.44,,,,,,
DRYAS,12,C,dark,2022,183,1416,43,,,437.96,,,,,,
DRYAS,12,C,dark,2022,183,1416,44,,,438.1,,,,,,
DRYAS,12,C,dark,2022,183,1416,45,,,439.55,,,,,,
DRYAS,12,C,dark,2022,183,1416,46,,,437.89,,,,,,
DRYAS,12,C,dark,2022,183,1416,47,,,438.86,,,,,,
DRYAS,12,C,dark,2022,183,1416,48,,,437.89,,,,,,
DRYAS,12,C,dark,2022,183,1416,49,,,437.26,,,,,,
DRYAS,12,C,dark,2022,183,1416,50,,,439.76,,,,,,
DRYAS,12,C,dark,2022,183,1416,51,,,438.51,,,,,,
DRYAS,12,C,dark,2022,183,1416,52,,,439.07,,,,,,
DRYAS,12,C,dark,2022,183,1416,53,,,439.41,,,,,,
DRYAS,12,C,dark,2022,183,1416,54,,,440.45,,,,,,
DRYAS,12,C,dark,2022,183,1416,55,,,440.04,,,,,,
DRYAS,12,C,dark,2022,183,1416,56,,,438.07,,,,,,
DRYAS,12,C,dark,2022,183,1416,57,,,439.97,,,,,,
DRYAS,12,C,dark,2022,183,1416,58,,,439.76,,,,,,
DRYAS,12,C,dark,2022,183,1416,59,,,438.51,,,,,,
DRYAS,12,C,dark,2022,183,1417,0,,,439.07,,,,,,
DRYAS,12,C,dark,2022,183,1417,1,,,439.41,,,,,,
DRYAS,12,C,dark,2022,183,1417,2,,,443.45,,,,,,
DRYAS,12,C,dark,2022,183,1417,3,,,440.04,,,,,,
DRYAS,12,C,dark,2022,183,1417,4,,,438.07,,,,,,
DRYAS,12,C,dark,2022,183,1417,5,,,439.97,,,,,,
DRYAS,12,C,dark,2022,183,1417,6,,,439.76,,,,,,
DRYAS,12,C,dark,2022,183,1417,7,,,439.21,,,,,,
DRYAS,12,C,dark,2022,183,1417,8,,,439.97,,,,,,
DRYAS,12,C,dark,2022,183,1417,9,,,439.48,,,,,,
,,,,,,,,,,,,,,,,
DRYAS,12,T,light,2022,183,1424,0,,,432.27,,,,,,
DRYAS,12,T,light,2022,183,1424,1,,,433.24,,,,,,
DRYAS,12,T,light,2022,183,1424,2,,,431.74,,,,,,
DRYAS,12,T,light,2022,183,1424,3,,,433.04,,,,,,
DRYAS,12,T,light,2022,183,1424,4,,,433.1,,,,,,
DRYAS,12,T,light,2022,183,1424,5,,,432.34,,,,,,
DRYAS,12,T,light,2022,183,1424,6,,,432.76,,,,,,
DRYAS,12,T,light,2022,183,1424,7,,,432.13,,,,,,
DRYAS,12,T,light,2022,183,1424,8,,,433.87,,,,,,
DRYAS,12,T,light,2022,183,1424,9,,,432.41,,,,,,
DRYAS,12,T,light,2022,183,1424,10,,,432.8,,,,,,
DRYAS,12,T,light,2022,183,1424,11,,,433.87,,,,,,
DRYAS,12,T,light,2022,183,1424,12,,,432.97,,,,,,
DRYAS,12,T,light,2022,183,1424,13,,,432.27,,,,,,
DRYAS,12,T,light,2022,183,1424,14,,,432,,,,,,
DRYAS,12,T,light,2022,183,1424,15,,,433.1,,,,,,
DRYAS,12,T,light,2022,183,1424,16,,,431.58,,,,,,
DRYAS,12,T,light,2022,183,1424,17,,,431.03,,,,,,
DRYAS,12,T,light,2022,183,1424,18,,,431.86,,,,,,
DRYAS,12,T,light,2022,183,1424,19,,,431.65,,,,,,
DRYAS,12,T,light,2022,183,1424,20,,,431.79,,,,,,
DRYAS,12,T,light,2022,183,1424,21,,,431.37,,,,,,
DRYAS,12,T,light,2022,183,1424,22,,,432.87,,,,,,
DRYAS,12,T,light,2022,183,1424,23,,,431.16,,,,,,
DRYAS,12,T,light,2022,183,1424,24,,,431.23,,,,,,
DRYAS,12,T,light,2022,183,1424,25,,,432,,,,,,
DRYAS,12,T,light,2022,183,1424,26,,,430.82,,,,,,
DRYAS,12,T,light,2022,183,1424,27,,,431.3,,,,,,
DRYAS,12,T,light,2022,183,1424,28,,,431.09,,,,,,
DRYAS,12,T,light,2022,183,1424,29,,,431.3,,,,,,
DRYAS,12,T,light,2022,183,1424,30,,,431.41,,,,,,
DRYAS,12,T,light,2022,183,1424,31,,,431.3,,,,,,
DRYAS,12,T,light,2022,183,1424,32,,,431.09,,,,,,
DRYAS,12,T,light,2022,183,1424,33,,,430.96,,,,,,
DRYAS,12,T,light,2022,183,1424,34,,,430.75,,,,,,
DRYAS,12,T,light,2022,183,1424,35,,,431.51,,,,,,
DRYAS,12,T,light,2022,183,1424,36,,,430.75,,,,,,
DRYAS,12,T,light,2022,183,1424,37,,,431.72,,,,,,
DRYAS,12,T,light,2022,183,1424,38,,,430.75,,,,,,
DRYAS,12,T,light,2022,183,1424,39,,,431.58,,,,,,
DRYAS,12,T,light,2022,183,1424,40,,,431.86,,,,,,
DRYAS,12,T,light,2022,183,1424,41,,,430.4,,,,,,
DRYAS,12,T,light,2022,183,1424,42,,,430.47,,,,,,
DRYAS,12,T,light,2022,183,1424,43,,,429.92,,,,,,
DRYAS,12,T,light,2022,183,1424,44,,,431.3,,,,,,
DRYAS,12,T,light,2022,183,1424,45,,,429.36,,,,,,
DRYAS,12,T,light,2022,183,1424,46,,,431.16,,,,,,
DRYAS,12,T,light,2022,183,1424,47,,,430.61,,,,,,
DRYAS,12,T,light,2022,183,1424,48,,,431.16,,,,,,
DRYAS,12,T,light,2022,183,1424,49,,,430.4,,,,,,
DRYAS,12,T,light,2022,183,1424,50,,,430.33,,,,,,
DRYAS,12,T,light,2022,183,1424,51,,,431.65,,,,,,
DRYAS,12,T,light,2022,183,1424,52,,,430.37,,,,,,
DRYAS,12,T,light,2022,183,1424,53,,,430.19,,,,,,
DRYAS,12,T,light,2022,183,1424,54,,,430.61,,,,,,
DRYAS,12,T,light,2022,183,1424,55,,,429.71,,,,,,
DRYAS,12,T,light,2022,183,1424,56,,,430.05,,,,,,
DRYAS,12,T,light,2022,183,1424,57,,,429.5,,,,,,
DRYAS,12,T,light,2022,183,1424,58,,,430.47,,,,,,
DRYAS,12,T,light,2022,183,1424,59,,,429.92,,,,,,
DRYAS,12,T,light,2022,183,1425,0,,,431.51,,,,,,
DRYAS,12,T,light,2022,183,1425,1,,,429.64,,,,,,
DRYAS,12,T,light,2022,183,1425,2,,,430.33,,,,,,
DRYAS,12,T,light,2022,183,1425,3,,,429.47,,,,,,
DRYAS,12,T,light,2022,183,1425,4,,,430.05,,,,,,
DRYAS,12,T,light,2022,183,1425,5,,,429.57,,,,,,
DRYAS,12,T,light,2022,183,1425,6,,,429.57,,,,,,
DRYAS,12,T,light,2022,183,1425,7,,,431.27,,,,,,
DRYAS,12,T,light,2022,183,1425,8,,,429.95,,,,,,
DRYAS,12,T,light,2022,183,1425,9,,,429.71,,,,,,
DRYAS,12,T,light,2022,183,1425,10,,,429.15,,,,,,
DRYAS,12,T,light,2022,183,1425,11,,,427.97,,,,,,
DRYAS,12,T,light,2022,183,1425,12,,,430.61,,,,,,
DRYAS,12,T,light,2022,183,1425,13,,,428.39,,,,,,
DRYAS,12,T,light,2022,183,1425,14,,,429.08,,,,,,
DRYAS,12,T,light,2022,183,1425,15,,,429.5,,,,,,
DRYAS,12,T,light,2022,183,1425,16,,,430.96,,,,,,
DRYAS,12,T,light,2022,183,1425,17,,,427.56,,,,,,
DRYAS,12,T,light,2022,183,1425,18,,,428.95,,,,,,
DRYAS,12,T,light,2022,183,1425,19,,,429.64,,,,,,
DRYAS,12,T,light,2022,183,1425,20,,,428.39,,,,,,
DRYAS,12,T,light,2022,183,1425,21,,,429.36,,,,,,
DRYAS,12,T,light,2022,183,1425,22,,,428.67,,,,,,
DRYAS,12,T,light,2022,183,1425,23,,,427.97,,,,,,
DRYAS,12,T,light,2022,183,1425,24,,,428.84,,,,,,
DRYAS,12,T,light,2022,183,1425,25,,,429.5,,,,,,
DRYAS,12,T,light,2022,183,1425,26,,,428.81,,,,,,
DRYAS,12,T,light,2022,183,1425,27,,,428.53,,,,,,
DRYAS,12,T,light,2022,183,1425,28,,,429.01,,,,,,
DRYAS,12,T,light,2022,183,1425,29,,,429.01,,,,,,
DRYAS,12,T,light,2022,183,1425,30,,,428.25,,,,,,
DRYAS,12,T,light,2022,183,1425,31,,,429.15,,,,,,
DRYAS,12,T,light,2022,183,1425,32,,,428.6,,,,,,
DRYAS,12,T,light,2022,183,1425,33,,,428.81,,,,,,
DRYAS,12,T,light,2022,183,1425,34,,,428.25,,,,,,
DRYAS,12,T,light,2022,183,1425,35,,,428.04,,,,,,
DRYAS,12,T,light,2022,183,1425,36,,,428.53,,,,,,
DRYAS,12,T,light,2022,183,1425,37,,,429.85,,,,,,
DRYAS,12,T,light,2022,183,1425,38,,,428.11,,,,,,
DRYAS,12,T,light,2022,183,1425,39,,,428.95,,,,,,
DRYAS,12,T,light,2022,183,1425,40,,,428.25,,,,,,
DRYAS,12,T,light,2022,183,1425,41,,,427.49,,,,,,
DRYAS,12,T,light,2022,183,1425,42,,,428.95,,,,,,
DRYAS,12,T,light,2022,183,1425,43,,,427.28,,,,,,
DRYAS,12,T,light,2022,183,1425,44,,,429.43,,,,,,
DRYAS,12,T,light,2022,183,1425,45,,,429.29,,,,,,
DRYAS,12,T,light,2022,183,1425,46,,,427.56,,,,,,
DRYAS,12,T,light,2022,183,1425,47,,,427.84,,,,,,
DRYAS,12,T,light,2022,183,1425,48,,,427.91,,,,,,
DRYAS,12,T,light,2022,183,1425,49,,,426.56,,,,,,
DRYAS,12,T,light,2022,183,1425,50,,,426.59,,,,,,
DRYAS,12,T,light,2022,183,1425,51,,,429.01,,,,,,
DRYAS,12,T,light,2022,183,1425,52,,,428.81,,,,,,
DRYAS,12,T,light,2022,183,1425,53,,,428.95,,,,,,
DRYAS,12,T,light,2022,183,1425,54,,,427.42,,,,,,
DRYAS,12,T,light,2022,183,1425,55,,,427.84,,,,,,
DRYAS,12,T,light,2022,183,1425,56,,,427,,,,,,
DRYAS,12,T,light,2022,183,1425,57,,,427,,,,,,
DRYAS,12,T,light,2022,183,1425,58,,,426.45,,,,,,
DRYAS,12,T,light,2022,183,1425,59,,,427.14,,,,,,
DRYAS,12,T,light,2022,183,1426,0,,,428.32,,,,,,
DRYAS,12,T,light,2022,183,1426,1,,,426.38,,,,,,
,,,,,,,,,,,,,,,,
DRYAS,12,T,dark,2022,183,1429,0,,,416.54,,,,,,
DRYAS,12,T,dark,2022,183,1429,1,,,417.23,,,,,,
DRYAS,12,T,dark,2022,183,1429,2,,,416.4,,,,,,
DRYAS,12,T,dark,2022,183,1429,3,,,415.56,,,,,,
DRYAS,12,T,dark,2022,183,1429,4,,,417.23,,,,,,
DRYAS,12,T,dark,2022,183,1429,5,,,415.5,,,,,,
DRYAS,12,T,dark,2022,183,1429,6,,,416.12,,,,,,
DRYAS,12,T,dark,2022,183,1429,7,,,415.98,,,,,,
DRYAS,12,T,dark,2022,183,1429,8,,,416.67,,,,,,
DRYAS,12,T,dark,2022,183,1429,9,,,415.84,,,,,,
DRYAS,12,T,dark,2022,183,1429,10,,,415.77,,,,,,
DRYAS,12,T,dark,2022,183,1429,11,,,417.51,,,,,,
DRYAS,12,T,dark,2022,183,1429,12,,,415.15,,,,,,
DRYAS,12,T,dark,2022,183,1429,13,,,415.08,,,,,,
DRYAS,12,T,dark,2022,183,1429,14,,,416.33,,,,,,
DRYAS,12,T,dark,2022,183,1429,15,,,415.77,,,,,,
DRYAS,12,T,dark,2022,183,1429,16,,,416.12,,,,,,
DRYAS,12,T,dark,2022,183,1429,17,,,416.54,,,,,,
DRYAS,12,T,dark,2022,183,1429,18,,,416.12,,,,,,
DRYAS,12,T,dark,2022,183,1429,19,,,414.59,,,,,,
DRYAS,12,T,dark,2022,183,1429,20,,,416.67,,,,,,
DRYAS,12,T,dark,2022,183,1429,21,,,415.22,,,,,,
DRYAS,12,T,dark,2022,183,1429,22,,,416.81,,,,,,
DRYAS,12,T,dark,2022,183,1429,23,,,417.09,,,,,,
DRYAS,12,T,dark,2022,183,1429,24,,,415.56,,,,,,
DRYAS,12,T,dark,2022,183,1429,25,,,415.36,,,,,,
DRYAS,12,T,dark,2022,183,1429,26,,,415.98,,,,,,
DRYAS,12,T,dark,2022,183,1429,27,,,415.91,,,,,,
DRYAS,12,T,dark,2022,183,1429,28,,,411.68,,,,,,
DRYAS,12,T,dark,2022,183,1429,29,,,421.32,,,,,,
DRYAS,12,T,dark,2022,183,1429,30,,,415.36,,,,,,
DRYAS,12,T,dark,2022,183,1429,31,,,415.43,,,,,,
DRYAS,12,T,dark,2022,183,1429,32,,,415.91,,,,,,
DRYAS,12,T,dark,2022,183,1429,33,,,416.26,,,,,,
DRYAS,12,T,dark,2022,183,1429,34,,,416.74,,,,,,
DRYAS,12,T,dark,2022,183,1429,35,,,416.33,,,,,,
DRYAS,12,T,dark,2022,183,1429,36,,,416.88,,,,,,
DRYAS,12,T,dark,2022,183,1429,37,,,416.54,,,,,,
DRYAS,12,T,dark,2022,183,1429,38,,,415.98,,,,,,
DRYAS,12,T,dark,2022,183,1429,39,,,416.88,,,,,,
DRYAS,12,T,dark,2022,183,1429,40,,,417.78,,,,,,
DRYAS,12,T,dark,2022,183,1429,41,,,417.23,,,,,,
DRYAS,12,T,dark,2022,183,1429,42,,,417.64,,,,,,
DRYAS,12,T,dark,2022,183,1429,43,,,415.84,,,,,,
DRYAS,12,T,dark,2022,183,1429,44,,,417.51,,,,,,
DRYAS,12,T,dark,2022,183,1429,45,,,416.12,,,,,,
DRYAS,12,T,dark,2022,183,1429,46,,,418.34,,,,,,
DRYAS,12,T,dark,2022,183,1429,47,,,417.23,,,,,,
DRYAS,12,T,dark,2022,183,1429,48,,,418.2,,,,,,
DRYAS,12,T,dark,2022,183,1429,49,,,417.09,,,,,,
DRYAS,12,T,dark,2022,183,1429,50,,,418.82,,,,,,
DRYAS,12,T,dark,2022,183,1429,51,,,417.78,,,,,,
DRYAS,12,T,dark,2022,183,1429,52,,,417.78,,,,,,
DRYAS,12,T,dark,2022,183,1429,53,,,417.37,,,,,,
DRYAS,12,T,dark,2022,183,1429,54,,,418.61,,,,,,
DRYAS,12,T,dark,2022,183,1429,55,,,419.03,,,,,,
DRYAS,12,T,dark,2022,183,1429,56,,,417.78,,,,,,
DRYAS,12,T,dark,2022,183,1429,57,,,418.89,,,,,,
DRYAS,12,T,dark,2022,183,1429,58,,,419.03,,,,,,
DRYAS,12,T,dark,2022,183,1429,59,,,418.61,,,,,,
DRYAS,12,T,dark,2022,183,1430,0,,,416.95,,,,,,
DRYAS,12,T,dark,2022,183,1430,1,,,417.58,,,,,,
DRYAS,12,T,dark,2022,183,1430,2,,,419.45,,,,,,
DRYAS,12,T,dark,2022,183,1430,3,,,419.86,,,,,,
DRYAS,12,T,dark,2022,183,1430,4,,,418.78,,,,,,
DRYAS,12,T,dark,2022,183,1430,5,,,420.14,,,,,,
DRYAS,12,T,dark,2022,183,1430,6,,,419.59,,,,,,
DRYAS,12,T,dark,2022,183,1430,7,,,418.61,,,,,,
DRYAS,12,T,dark,2022,183,1430,8,,,418.48,,,,,,
DRYAS,12,T,dark,2022,183,1430,9,,,420.56,,,,,,
DRYAS,12,T,dark,2022,183,1430,10,,,419.65,,,,,,
DRYAS,12,T,dark,2022,183,1430,11,,,419.31,,,,,,
DRYAS,12,T,dark,2022,183,1430,12,,,420.21,,,,,,
DRYAS,12,T,dark,2022,183,1430,13,,,419.72,,,,,,
DRYAS,12,T,dark,2022,183,1430,14,,,419.38,,,,,,
DRYAS,12,T,dark,2022,183,1430,15,,,418.75,,,,,,
DRYAS,12,T,dark,2022,183,1430,16,,,419.24,,,,,,
DRYAS,12,T,dark,2022,183,1430,17,,,419.72,,,,,,
DRYAS,12,T,dark,2022,183,1430,18,,,419.93,,,,,,
DRYAS,12,T,dark,2022,183,1430,19,,,419.45,,,,,,
DRYAS,12,T,dark,2022,183,1430,20,,,419.1,,,,,,
DRYAS,12,T,dark,2022,183,1430,21,,,419.03,,,,,,
DRYAS,12,T,dark,2022,183,1430,22,,,419.72,,,,,,
DRYAS,12,T,dark,2022,183,1430,23,,,429.28,,,,,,
DRYAS,12,T,dark,2022,183,1430,24,,,418.86,,,,,,
DRYAS,12,T,dark,2022,183,1430,25,,,419.92,,,,,,
DRYAS,12,T,dark,2022,183,1430,26,,,420.97,,,,,,
DRYAS,12,T,dark,2022,183,1430,27,,,420.42,,,,,,
DRYAS,12,T,dark,2022,183,1430,28,,,420.83,,,,,,
DRYAS,12,T,dark,2022,183,1430,29,,,421.25,,,,,,
DRYAS,12,T,dark,2022,183,1430,30,,,420.49,,,,,,
DRYAS,12,T,dark,2022,183,1430,31,,,419.45,,,,,,
DRYAS,12,T,dark,2022,183,1430,32,,,421.73,,,,,,
DRYAS,12,T,dark,2022,183,1430,33,,,420.49,,,,,,
DRYAS,12,T,dark,2022,183,1430,34,,,420.6,,,,,,
DRYAS,12,T,dark,2022,183,1430,35,,,419.93,,,,,,
DRYAS,12,T,dark,2022,183,1430,36,,,420.63,,,,,,
DRYAS,12,T,dark,2022,183,1430,37,,,420.97,,,,,,
DRYAS,12,T,dark,2022,183,1430,38,,,421.6,,,,,,
DRYAS,12,T,dark,2022,183,1430,39,,,420.35,,,,,,
DRYAS,12,T,dark,2022,183,1430,40,,,420.9,,,,,,
DRYAS,12,T,dark,2022,183,1430,41,,,421.25,,,,,,
DRYAS,12,T,dark,2022,183,1430,42,,,421.46,,,,,,
DRYAS,12,T,dark,2022,183,1430,43,,,421.67,,,,,,
DRYAS,12,T,dark,2022,183,1430,44,,,419.17,,,,,,
DRYAS,12,T,dark,2022,183,1430,45,,,421.6,,,,,,
DRYAS,12,T,dark,2022,183,1430,46,,,421.8,,,,,,
DRYAS,12,T,dark,2022,183,1430,47,,,420.97,,,,,,
DRYAS,12,T,dark,2022,183,1430,48,,,422.5,,,,,,
DRYAS,12,T,dark,2022,183,1430,49,,,422.5,,,,,,
DRYAS,12,T,dark,2022,183,1430,50,,,422.01,,,,,,
DRYAS,12,T,dark,2022,183,1430,51,,,421.11,,,,,,
DRYAS,12,T,dark,2022,183,1430,52,,,423.12,,,,,,
DRYAS,12,T,dark,2022,183,1430,53,,,422.08,,,,,,
DRYAS,12,T,dark,2022,183,1430,54,,,422.77,,,,,,
DRYAS,12,T,dark,2022,183,1430,55,,,422.08,,,,,,
DRYAS,12,T,dark,2022,183,1430,56,,,422.5,,,,,,
DRYAS,12,T,dark,2022,183,1430,57,,,421.53,,,,,,
DRYAS,12,T,dark,2022,183,1430,58,,,423.4,,,,,,
DRYAS,12,T,dark,2022,183,1430,59,,,421.11,,,,,,
DRYAS,12,T,dark,2022,183,1431,0,,,423,,,,,,
DRYAS,12,T,dark,2022,183,1431,1,,,423.26,,,,,,
DRYAS,12,T,dark,2022,183,1431,2,,,423.26,,,,,,
DRYAS,12,T,dark,2022,183,1431,3,,,423.95,,,,,,
DRYAS,12,T,dark,2022,183,1431,4,,,422.36,,,,,,
DRYAS,12,T,dark,2022,183,1431,5,,,423.54,,,,,,
DRYAS,12,T,dark,2022,183,1431,6,,,423.4,,,,,,
DRYAS,12,T,dark,2022,183,1431,7,,,423.54,,,,,,
DRYAS,12,T,dark,2022,183,1431,8,,,424.79,,,,,,
DRYAS,12,T,dark,2022,183,1431,9,,,422.84,,,,,,
DRYAS,12,T,dark,2022,183,1431,10,,,424.23,,,,,,
DRYAS,12,T,dark,2022,183,1431,11,,,424.09,,,,,,
DRYAS,12,T,dark,2022,183,1431,12,,,424.65,,,,,,
DRYAS,12,T,dark,2022,183,1431,13,,,424.92,,,,,,
DRYAS,12,T,dark,2022,183,1431,14,,,423.95,,,,,,
DRYAS,12,T,dark,2022,183,1431,15,,,424.02,,,,,,
DRYAS,12,T,dark,2022,183,1431,16,,,424.09,,,,,,
DRYAS,12,T,dark,2022,183,1431,17,,,424.51,,,,,,
DRYAS,12,T,dark,2022,183,1431,18,,,424.37,,,,,,
DRYAS,12,T,dark,2022,183,1431,19,,,424.33,,,,,,
DRYAS,12,T,dark,2022,183,1431,20,,,424.92,,,,,,
DRYAS,12,T,dark,2022,183,1431,21,,,423.68,,,,,,
,,,,,,,,,,,,,,,,
DRYAS,13,C,light,2022,183,1436,0,,,413.48,,,,,,
DRYAS,13,C,light,2022,183,1436,1,,,415.08,,,,,,
DRYAS,13,C,light,2022,183,1436,2,,,415.22,,,,,,
DRYAS,13,C,light,2022,183,1436,3,,,415.63,,,,,,
DRYAS,13,C,light,2022,183,1436,4,,,415.43,,,,,,
DRYAS,13,C,light,2022,183,1436,5,,,414.84,,,,,,
DRYAS,13,C,light,2022,183,1436,6,,,415.15,,,,,,
DRYAS,13,C,light,2022,183,1436,7,,,415.22,,,,,,
DRYAS,13,C,light,2022,183,1436,8,,,415.01,,,,,,
DRYAS,13,C,light,2022,183,1436,9,,,415.77,,,,,,
DRYAS,13,C,light,2022,183,1436,10,,,416.6,,,,,,
DRYAS,13,C,light,2022,183,1436,11,,,415.77,,,,,,
DRYAS,13,C,light,2022,183,1436,12,,,415.56,,,,,,
DRYAS,13,C,light,2022,183,1436,13,,,415.84,,,,,,
DRYAS,13,C,light,2022,183,1436,14,,,415.29,,,,,,
DRYAS,13,C,light,2022,183,1436,15,,,414.77,,,,,,
DRYAS,13,C,light,2022,183,1436,16,,,415.56,,,,,,
DRYAS,13,C,light,2022,183,1436,17,,,416.26,,,,,,
DRYAS,13,C,light,2022,183,1436,18,,,415.81,,,,,,
DRYAS,13,C,light,2022,183,1436,19,,,415.63,,,,,,
DRYAS,13,C,light,2022,183,1436,20,,,414.25,,,,,,
DRYAS,13,C,light,2022,183,1436,21,,,414.32,,,,,,
DRYAS,13,C,light,2022,183,1436,22,,,416.05,,,,,,
DRYAS,13,C,light,2022,183,1436,23,,,415.56,,,,,,
DRYAS,13,C,light,2022,183,1436,24,,,415.7,,,,,,
DRYAS,13,C,light,2022,183,1436,25,,,416.54,,,,,,
DRYAS,13,C,light,2022,183,1436,26,,,416.95,,,,,,
DRYAS,13,C,light,2022,183,1436,27,,,414.87,,,,,,
DRYAS,13,C,light,2022,183,1436,28,,,414.11,,,,,,
DRYAS,13,C,light,2022,183,1436,29,,,416.95,,,,,,
DRYAS,13,C,light,2022,183,1436,30,,,415.29,,,,,,
DRYAS,13,C,light,2022,183,1436,31,,,415.56,,,,,,
DRYAS,13,C,light,2022,183,1436,32,,,415.7,,,,,,
DRYAS,13,C,light,2022,183,1436,33,,,415.29,,,,,,
DRYAS,13,C,light,2022,183,1436,34,,,416.4,,,,,,
DRYAS,13,C,light,2022,183,1436,35,,,415.29,,,,,,
DRYAS,13,C,light,2022,183,1436,36,,,415.84,,,,,,
DRYAS,13,C,light,2022,183,1436,37,,,414.18,,,,,,
DRYAS,13,C,light,2022,183,1436,38,,,415.29,,,,,,
DRYAS,13,C,light,2022,183,1436,39,,,416.12,,,,,,
DRYAS,13,C,light,2022,183,1436,40,,,415.56,,,,,,
DRYAS,13,C,light,2022,183,1436,41,,,416.95,,,,,,
DRYAS,13,C,light,2022,183,1436,42,,,414.52,,,,,,
DRYAS,13,C,light,2022,183,1436,43,,,415.56,,,,,,
DRYAS,13,C,light,2022,183,1436,44,,,415.15,,,,,,
DRYAS,13,C,light,2022,183,1436,45,,,416.64,,,,,,
DRYAS,13,C,light,2022,183,1436,46,,,415.63,,,,,,
DRYAS,13,C,light,2022,183,1436,47,,,416.12,,,,,,
DRYAS,13,C,light,2022,183,1436,48,,,416.08,,,,,,
DRYAS,13,C,light,2022,183,1436,49,,,416.81,,,,,,
DRYAS,13,C,light,2022,183,1436,50,,,415.56,,,,,,
DRYAS,13,C,light,2022,183,1436,51,,,415.39,,,,,,
DRYAS,13,C,light,2022,183,1436,52,,,415.91,,,,,,
DRYAS,13,C,light,2022,183,1436,53,,,415.56,,,,,,
DRYAS,13,C,light,2022,183,1436,54,,,415.22,,,,,,
DRYAS,13,C,light,2022,183,1436,55,,,416.95,,,,,,
DRYAS,13,C,light,2022,183,1436,56,,,416.26,,,,,,
DRYAS,13,C,light,2022,183,1436,57,,,416.12,,,,,,
DRYAS,13,C,light,2022,183,1436,58,,,415.5,,,,,,
DRYAS,13,C,light,2022,183,1436,59,,,415.7,,,,,,
DRYAS,13,C,light,2022,183,1437,0,,,415.56,,,,,,
DRYAS,13,C,light,2022,183,1437,1,,,416.15,,,,,,
DRYAS,13,C,light,2022,183,1437,2,,,416.4,,,,,,
DRYAS,13,C,light,2022,183,1437,3,,,417.51,,,,,,
DRYAS,13,C,light,2022,183,1437,4,,,416.19,,,,,,
DRYAS,13,C,light,2022,183,1437,5,,,415.6,,,,,,
DRYAS,13,C,light,2022,183,1437,6,,,415.7,,,,,,
DRYAS,13,C,light,2022,183,1437,7,,,416.74,,,,,,
DRYAS,13,C,light,2022,183,1437,8,,,414.59,,,,,,
DRYAS,13,C,light,2022,183,1437,9,,,415.81,,,,,,
DRYAS,13,C,light,2022,183,1437,10,,,416.95,,,,,,
DRYAS,13,C,light,2022,183,1437,11,,,416.54,,,,,,
DRYAS,13,C,light,2022,183,1437,12,,,416.12,,,,,,
DRYAS,13,C,light,2022,183,1437,13,,,415.77,,,,,,
DRYAS,13,C,light,2022,183,1437,14,,,416.67,,,,,,
DRYAS,13,C,light,2022,183,1437,15,,,416.64,,,,,,
DRYAS,13,C,light,2022,183,1437,16,,,416.67,,,,,,
DRYAS,13,C,light,2022,183,1437,17,,,417.23,,,,,,
DRYAS,13,C,light,2022,183,1437,18,,,417.37,,,,,,
DRYAS,13,C,light,2022,183,1437,19,,,416.67,,,,,,
DRYAS,13,C,light,2022,183,1437,20,,,415.56,,,,,,
DRYAS,13,C,light,2022,183,1437,21,,,415.01,,,,,,
DRYAS,13,C,light,2022,183,1437,22,,,416.71,,,,,,
DRYAS,13,C,light,2022,183,1437,23,,,415.7,,,,,,
DRYAS,13,C,light,2022,183,1437,24,,,416.36,,,,,,
DRYAS,13,C,light,2022,183,1437,25,,,416.74,,,,,,
DRYAS,13,C,light,2022,183,1437,26,,,417.64,,,,,,
DRYAS,13,C,light,2022,183,1437,27,,,415.5,,,,,,
DRYAS,13,C,light,2022,183,1437,28,,,418.06,,,,,,
DRYAS,13,C,light,2022,183,1437,29,,,415.94,,,,,,
DRYAS,13,C,light,2022,183,1437,30,,,415.74,,,,,,
DRYAS,13,C,light,2022,183,1437,31,,,416.67,,,,,,
DRYAS,13,C,light,2022,183,1437,32,,,417.23,,,,,,
DRYAS,13,C,light,2022,183,1437,33,,,416.81,,,,,,
DRYAS,13,C,light,2022,183,1437,34,,,417.51,,,,,,
DRYAS,13,C,light,2022,183,1437,35,,,416.64,,,,,,
DRYAS,13,C,light,2022,183,1437,36,,,416.15,,,,,,
DRYAS,13,C,light,2022,183,1437,37,,,416.81,,,,,,
DRYAS,13,C,light,2022,183,1437,38,,,416.29,,,,,,
DRYAS,13,C,light,2022,183,1437,39,,,417.44,,,,,,
DRYAS,13,C,light,2022,183,1437,40,,,417.44,,,,,,
DRYAS,13,C,light,2022,183,1437,41,,,416.46,,,,,,
DRYAS,13,C,light,2022,183,1437,42,,,417.37,,,,,,
DRYAS,13,C,light,2022,183,1437,43,,,416.95,,,,,,
DRYAS,13,C,light,2022,183,1437,44,,,417.3,,,,,,
DRYAS,13,C,light,2022,183,1437,45,,,416.88,,,,,,
DRYAS,13,C,light,2022,183,1437,46,,,418.61,,,,,,
DRYAS,13,C,light,2022,183,1437,47,,,416.5,,,,,,
DRYAS,13,C,light,2022,183,1437,48,,,417.09,,,,,,
DRYAS,13,C,light,2022,183,1437,49,,,418.61,,,,,,
DRYAS,13,C,light,2022,183,1437,50,,,405.84,,,,,,
DRYAS,13,C,light,2022,183,1437,51,,,416.88,,,,,,
DRYAS,13,C,light,2022,183,1437,52,,,416.12,,,,,,
DRYAS,13,C,light,2022,183,1437,53,,,418.13,,,,,,
DRYAS,13,C,light,2022,183,1437,54,,,417.92,,,,,,
DRYAS,13,C,light,2022,183,1437,55,,,418.06,,,,,,
DRYAS,13,C,light,2022,183,1437,56,,,417.71,,,,,,
DRYAS,13,C,light,2022,183,1437,57,,,406.4,,,,,,
DRYAS,13,C,light,2022,183,1437,58,,,417.33,,,,,,
DRYAS,13,C,light,2022,183,1437,59,,,417.71,,,,,,
DRYAS,13,C,light,2022,183,1438,0,,,416.67,,,,,,
DRYAS,13,C,light,2022,183,1438,1,,,417.19,,,,,,
DRYAS,13,C,light,2022,183,1438,2,,,416.95,,,,,,
DRYAS,13,C,light,2022,183,1438,3,,,417.78,,,,,,
DRYAS,13,C,light,2022,183,1438,4,,,417.92,,,,,,
,,,,,,,,,,,,,,,,
DRYAS,13,C,dark,2022,183,1441,0,,,411.92,,,,,,
DRYAS,13,C,dark,2022,183,1441,1,,,415.5,,,,,,
DRYAS,13,C,dark,2022,183,1441,2,,,415.15,,,,,,
DRYAS,13,C,dark,2022,183,1441,3,,,415.32,,,,,,
DRYAS,13,C,dark,2022,183,1441,4,,,414.87,,,,,,
DRYAS,13,C,dark,2022,183,1441,5,,,416.74,,,,,,
DRYAS,13,C,dark,2022,183,1441,6,,,413.48,,,,,,
DRYAS,13,C,dark,2022,183,1441,7,,,414.25,,,,,,
DRYAS,13,C,dark,2022,183,1441,8,,,415.29,,,,,,
DRYAS,13,C,dark,2022,183,1441,9,,,415.53,,,,,,
DRYAS,13,C,dark,2022,183,1441,10,,,415.39,,,,,,
DRYAS,13,C,dark,2022,183,1441,11,,,419.98,,,,,,
DRYAS,13,C,dark,2022,183,1441,12,,,415.15,,,,,,
DRYAS,13,C,dark,2022,183,1441,13,,,414.87,,,,,,
DRYAS,13,C,dark,2022,183,1441,14,,,415.84,,,,,,
DRYAS,13,C,dark,2022,183,1441,15,,,414.77,,,,,,
DRYAS,13,C,dark,2022,183,1441,16,,,414.56,,,,,,
DRYAS,13,C,dark,2022,183,1441,17,,,414.97,,,,,,
DRYAS,13,C,dark,2022,183,1441,18,,,415.81,,,,,,
DRYAS,13,C,dark,2022,183,1441,19,,,416.12,,,,,,
DRYAS,13,C,dark,2022,183,1441,20,,,415.5,,,,,,
DRYAS,13,C,dark,2022,183,1441,21,,,415.77,,,,,,
DRYAS,13,C,dark,2022,183,1441,22,,,414.87,,,,,,
DRYAS,13,C,dark,2022,183,1441,23,,,414.84,,,,,,
DRYAS,13,C,dark,2022,183,1441,24,,,416.47,,,,,,
DRYAS,13,C,dark,2022,183,1441,25,,,416.47,,,,,,
DRYAS,13,C,dark,2022,183,1441,26,,,414.97,,,,,,
DRYAS,13,C,dark,2022,183,1441,27,,,414.87,,,,,,
DRYAS,13,C,dark,2022,183,1441,28,,,416.15,,,,,,
DRYAS,13,C,dark,2022,183,1441,29,,,415.84,,,,,,
DRYAS,13,C,dark,2022,183,1441,30,,,415.43,,,,,,
DRYAS,13,C,dark,2022,183,1441,31,,,414.97,,,,,,
DRYAS,13,C,dark,2022,183,1441,32,,,416.12,,,,,,
DRYAS,13,C,dark,2022,183,1441,33,,,417.19,,,,,,
DRYAS,13,C,dark,2022,183,1441,34,,,417.02,,,,,,
DRYAS,13,C,dark,2022,183,1441,35,,,416.81,,,,,,
DRYAS,13,C,dark,2022,183,1441,36,,,416.33,,,,,,
DRYAS,13,C,dark,2022,183,1441,37,,,416.6,,,,,,
DRYAS,13,C,dark,2022,183,1441,38,,,415.77,,,,,,
DRYAS,13,C,dark,2022,183,1441,39,,,415.91,,,,,,
DRYAS,13,C,dark,2022,183,1441,40,,,418.34,,,,,,
DRYAS,13,C,dark,2022,183,1441,41,,,416.6,,,,,,
DRYAS,13,C,dark,2022,183,1441,42,,,416.95,,,,,,
DRYAS,13,C,dark,2022,183,1441,43,,,416.19,,,,,,
DRYAS,13,C,dark,2022,183,1441,44,,,417.71,,,,,,
DRYAS,13,C,dark,2022,183,1441,45,,,415.43,,,,,,
DRYAS,13,C,dark,2022,183,1441,46,,,416.74,,,,,,
DRYAS,13,C,dark,2022,183,1441,47,,,416.67,,,,,,
DRYAS,13,C,dark,2022,183,1441,48,,,417.64,,,,,,
DRYAS,13,C,dark,2022,183,1441,49,,,418.89,,,,,,
DRYAS,13,C,dark,2022,183,1441,50,,,415.98,,,,,,
DRYAS,13,C,dark,2022,183,1441,51,,,417.23,,,,,,
DRYAS,13,C,dark,2022,183,1441,52,,,417.09,,,,,,
DRYAS,13,C,dark,2022,183,1441,53,,,416.47,,,,,,
DRYAS,13,C,dark,2022,183,1441,54,,,418.72,,,,,,
DRYAS,13,C,dark,2022,183,1441,55,,,416.68,,,,,,
DRYAS,13,C,dark,2022,183,1441,56,,,417.99,,,,,,
DRYAS,13,C,dark,2022,183,1441,57,,,418.58,,,,,,
DRYAS,13,C,dark,2022,183,1441,58,,,417.58,,,,,,
DRYAS,13,C,dark,2022,183,1441,59,,,418.72,,,,,,
DRYAS,13,C,dark,2022,183,1441,0,,,416.26,,,,,,
DRYAS,13,C,dark,2022,183,1441,1,,,417.95,,,,,,
DRYAS,13,C,dark,2022,183,1441,2,,,417.92,,,,,,
DRYAS,13,C,dark,2022,183,1441,3,,,417.78,,,,,,
DRYAS,13,C,dark,2022,183,1441,4,,,419.24,,,,,,
DRYAS,13,C,dark,2022,183,1441,5,,,418.3,,,,,,
DRYAS,13,C,dark,2022,183,1441,6,,,417.92,,,,,,
DRYAS,13,C,dark,2022,183,1441,7,,,417.54,,,,,,
DRYAS,13,C,dark,2022,183,1441,8,,,419.72,,,,,,
DRYAS,13,C,dark,2022,183,1441,9,,,419.31,,,,,,
DRYAS,13,C,dark,2022,183,1441,10,,,417.95,,,,,,
DRYAS,13,C,dark,2022,183,1441,11,,,418.61,,,,,,
DRYAS,13,C,dark,2022,183,1441,12,,,418.93,,,,,,
DRYAS,13,C,dark,2022,183,1441,13,,,420.42,,,,,,
DRYAS,13,C,dark,2022,183,1441,14,,,417.58,,,,,,
DRYAS,13,C,dark,2022,183,1441,15,,,419.03,,,,,,
DRYAS,13,C,dark,2022,183,1441,16,,,420,,,,,,
DRYAS,13,C,dark,2022,183,1441,17,,,419.45,,,,,,
DRYAS,13,C,dark,2022,183,1441,18,,,419.31,,,,,,
DRYAS,13,C,dark,2022,183,1441,19,,,420.69,,,,,,
DRYAS,13,C,dark,2022,183,1441,20,,,420.14,,,,,,
DRYAS,13,C,dark,2022,183,1441,21,,,419.31,,,,,,
DRYAS,13,C,dark,2022,183,1441,22,,,419.38,,,,,,
DRYAS,13,C,dark,2022,183,1441,23,,,420.56,,,,,,
DRYAS,13,C,dark,2022,183,1441,24,,,418.96,,,,,,
DRYAS,13,C,dark,2022,183,1441,25,,,421.18,,,,,,
DRYAS,13,C,dark,2022,183,1441,26,,,421.11,,,,,,
DRYAS,13,C,dark,2022,183,1441,27,,,421.6,,,,,,
DRYAS,13,C,dark,2022,183,1441,28,,,418.54,,,,,,
DRYAS,13,C,dark,2022,183,1441,29,,,419.55,,,,,,
DRYAS,13,C,dark,2022,183,1441,30,,,419.38,,,,,,
DRYAS,13,C,dark,2022,183,1441,31,,,420.94,,,,,,
DRYAS,13,C,dark,2022,183,1441,32,,,421.01,,,,,,
DRYAS,13,C,dark,2022,183,1441,33,,,420.56,,,,,,
DRYAS,13,C,dark,2022,183,1441,34,,,420.69,,,,,,
DRYAS,13,C,dark,2022,183,1441,35,,,421.67,,,,,,
DRYAS,13,C,dark,2022,183,1441,36,,,421.07,,,,,,
DRYAS,13,C,dark,2022,183,1441,37,,,420,,,,,,
DRYAS,13,C,dark,2022,183,1441,38,,,420.97,,,,,,
DRYAS,13,C,dark,2022,183,1441,39,,,421.94,,,,,,
DRYAS,13,C,dark,2022,183,1441,40,,,421.8,,,,,,
DRYAS,13,C,dark,2022,183,1441,41,,,420.87,,,,,,
DRYAS,13,C,dark,2022,183,1441,42,,,423.54,,,,,,
DRYAS,13,C,dark,2022,183,1441,43,,,421.25,,,,,,
DRYAS,13,C,dark,2022,183,1441,44,,,421.42,,,,,,
DRYAS,13,C,dark,2022,183,1441,45,,,421.8,,,,,,
DRYAS,13,C,dark,2022,183,1441,46,,,421.49,,,,,,
DRYAS,13,C,dark,2022,183,1441,47,,,421.87,,,,,,
DRYAS,13,C,dark,2022,183,1441,48,,,422.5,,,,,,
DRYAS,13,C,dark,2022,183,1441,49,,,421.8,,,,,,
DRYAS,13,C,dark,2022,183,1441,50,,,422.43,,,,,,
DRYAS,13,C,dark,2022,183,1441,51,,,420.69,,,,,,
DRYAS,13,C,dark,2022,183,1441,52,,,421.53,,,,,,
DRYAS,13,C,dark,2022,183,1441,53,,,422.36,,,,,,
DRYAS,13,C,dark,2022,183,1441,54,,,423.78,,,,,,
DRYAS,13,C,dark,2022,183,1441,55,,,422.29,,,,,,
DRYAS,13,C,dark,2022,183,1441,56,,,424.09,,,,,,
DRYAS,13,C,dark,2022,183,1441,57,,,423.5,,,,,,
DRYAS,13,C,dark,2022,183,1441,58,,,422.46,,,,,,
DRYAS,13,C,dark,2022,183,1441,59,,,422.43,,,,,,
DRYAS,13,C,dark,2022,183,1442,0,,,423.5,,,,,,
DRYAS,13,C,dark,2022,183,1442,1,,,424.4,,,,,,
DRYAS,13,C,dark,2022,183,1442,2,,,424.23,,,,,,
DRYAS,13,C,dark,2022,183,1442,3,,,424.79,,,,,,
DRYAS,13,C,dark,2022,183,1442,4,,,424.37,,,,,,
DRYAS,13,C,dark,2022,183,1442,5,,,423.54,,,,,,
DRYAS,13,C,dark,2022,183,1442,6,,,423.22,,,,,,
,,,,,,,,,,,,,,,,
DRYAS,13,T,light,2022,183,1447,0,,,415.29,,,,,,
DRYAS,13,T,light,2022,183,1447,1,,,416.47,,,,,,
DRYAS,13,T,light,2022,183,1447,2,,,415.15,,,,,,
DRYAS,13,T,light,2022,183,1447,3,,,416.05,,,,,,
DRYAS,13,T,light,2022,183,1447,4,,,411.89,,,,,,
DRYAS,13,T,light,2022,183,1447,5,,,421.67,,,,,,
DRYAS,13,T,light,2022,183,1447,6,,,413.9,,,,,,
DRYAS,13,T,light,2022,183,1447,7,,,416.12,,,,,,
DRYAS,13,T,light,2022,183,1447,8,,,415.29,,,,,,
DRYAS,13,T,light,2022,183,1447,9,,,419.98,,,,,,
DRYAS,13,T,light,2022,183,1447,10,,,415.77,,,,,,
DRYAS,13,T,light,2022,183,1447,11,,,415.29,,,,,,
DRYAS,13,T,light,2022,183,1447,12,,,414.8,,,,,,
DRYAS,13,T,light,2022,183,1447,13,,,414.59,,,,,,
DRYAS,13,T,light,2022,183,1447,14,,,414.87,,,,,,
DRYAS,13,T,light,2022,183,1447,15,,,414.04,,,,,,
DRYAS,13,T,light,2022,183,1447,16,,,414.11,,,,,,
DRYAS,13,T,light,2022,183,1447,17,,,414.87,,,,,,
DRYAS,13,T,light,2022,183,1447,18,,,414.87,,,,,,
DRYAS,13,T,light,2022,183,1447,19,,,413.42,,,,,,
DRYAS,13,T,light,2022,183,1447,20,,,415.22,,,,,,
DRYAS,13,T,light,2022,183,1447,21,,,413.14,,,,,,
DRYAS,13,T,light,2022,183,1447,22,,,413.48,,,,,,
DRYAS,13,T,light,2022,183,1447,23,,,413.35,,,,,,
DRYAS,13,T,light,2022,183,1447,24,,,414.87,,,,,,
DRYAS,13,T,light,2022,183,1447,25,,,415.43,,,,,,
DRYAS,13,T,light,2022,183,1447,26,,,414.32,,,,,,
DRYAS,13,T,light,2022,183,1447,27,,,414.25,,,,,,
DRYAS,13,T,light,2022,183,1447,28,,,412.93,,,,,,
DRYAS,13,T,light,2022,183,1447,29,,,413.76,,,,,,
DRYAS,13,T,light,2022,183,1447,30,,,413.9,,,,,,
DRYAS,13,T,light,2022,183,1447,31,,,414.25,,,,,,
DRYAS,13,T,light,2022,183,1447,32,,,413.48,,,,,,
DRYAS,13,T,light,2022,183,1447,33,,,412.72,,,,,,
DRYAS,13,T,light,2022,183,1447,34,,,413.69,,,,,,
DRYAS,13,T,light,2022,183,1447,35,,,413.21,,,,,,
DRYAS,13,T,light,2022,183,1447,36,,,412.65,,,,,,
DRYAS,13,T,light,2022,183,1447,37,,,413.48,,,,,,
DRYAS,13,T,light,2022,183,1447,38,,,413.07,,,,,,
DRYAS,13,T,light,2022,183,1447,39,,,413.21,,,,,,
DRYAS,13,T,light,2022,183,1447,40,,,413.07,,,,,,
DRYAS,13,T,light,2022,183,1447,41,,,413.42,,,,,,
DRYAS,13,T,light,2022,183,1447,42,,,412.24,,,,,,
DRYAS,13,T,light,2022,183,1447,43,,,411.96,,,,,,
DRYAS,13,T,light,2022,183,1447,44,,,413.62,,,,,,
DRYAS,13,T,light,2022,183,1447,45,,,411.68,,,,,,
DRYAS,13,T,light,2022,183,1447,46,,,413.21,,,,,,
DRYAS,13,T,light,2022,183,1447,47,,,413.69,,,,,,
DRYAS,13,T,light,2022,183,1447,48,,,413.21,,,,,,
DRYAS,13,T,light,2022,183,1447,49,,,412.1,,,,,,
DRYAS,13,T,light,2022,183,1447,50,,,412.44,,,,,,
DRYAS,13,T,light,2022,183,1447,51,,,411.82,,,,,,
DRYAS,13,T,light,2022,183,1447,52,,,413,,,,,,
DRYAS,13,T,light,2022,183,1447,53,,,411.54,,,,,,
DRYAS,13,T,light,2022,183,1447,54,,,412.86,,,,,,
DRYAS,13,T,light,2022,183,1447,55,,,412.65,,,,,,
DRYAS,13,T,light,2022,183,1447,56,,,412.1,,,,,,
DRYAS,13,T,light,2022,183,1447,57,,,412.24,,,,,,
DRYAS,13,T,light,2022,183,1447,58,,,411.96,,,,,,
DRYAS,13,T,light,2022,183,1447,59,,,411.75,,,,,,
DRYAS,13,T,light,2022,183,1448,0,,,413.21,,,,,,
DRYAS,13,T,light,2022,183,1448,1,,,412.1,,,,,,
DRYAS,13,T,light,2022,183,1448,2,,,411.96,,,,,,
DRYAS,13,T,light,2022,183,1448,3,,,411.54,,,,,,
DRYAS,13,T,light,2022,183,1448,4,,,412.1,,,,,,
DRYAS,13,T,light,2022,183,1448,5,,,411.75,,,,,,
DRYAS,13,T,light,2022,183,1448,6,,,412.1,,,,,,
DRYAS,13,T,light,2022,183,1448,7,,,410.23,,,,,,
DRYAS,13,T,light,2022,183,1448,8,,,411.4,,,,,,
DRYAS,13,T,light,2022,183,1448,9,,,413,,,,,,
DRYAS,13,T,light,2022,183,1448,10,,,410.3,,,,,,
DRYAS,13,T,light,2022,183,1448,11,,,411.2,,,,,,
DRYAS,13,T,light,2022,183,1448,12,,,411.54,,,,,,
DRYAS,13,T,light,2022,183,1448,13,,,410.85,,,,,,
DRYAS,13,T,light,2022,183,1448,14,,,411.82,,,,,,
DRYAS,13,T,light,2022,183,1448,15,,,410.99,,,,,,
DRYAS,13,T,light,2022,183,1448,16,,,410.99,,,,,,
DRYAS,13,T,light,2022,183,1448,17,,,411.47,,,,,,
DRYAS,13,T,light,2022,183,1448,18,,,412.28,,,,,,
DRYAS,13,T,light,2022,183,1448,19,,,411.34,,,,,,
DRYAS,13,T,light,2022,183,1448,20,,,411.13,,,,,,
DRYAS,13,T,light,2022,183,1448,21,,,411.13,,,,,,
DRYAS,13,T,light,2022,183,1448,22,,,409.6,,,,,,
DRYAS,13,T,light,2022,183,1448,23,,,410.3,,,,,,
DRYAS,13,T,light,2022,183,1448,24,,,412.17,,,,,,
DRYAS,13,T,light,2022,183,1448,25,,,411.4,,,,,,
DRYAS,13,T,light,2022,183,1448,26,,,410.99,,,,,,
DRYAS,13,T,light,2022,183,1448,27,,,409.74,,,,,,
DRYAS,13,T,light,2022,183,1448,28,,,410.16,,,,,,
DRYAS,13,T,light,2022,183,1448,29,,,411.54,,,,,,
DRYAS,13,T,light,2022,183,1448,30,,,409.74,,,,,,
DRYAS,13,T,light,2022,183,1448,31,,,410.99,,,,,,
DRYAS,13,T,light,2022,183,1448,32,,,410.09,,,,,,
DRYAS,13,T,light,2022,183,1448,33,,,411.54,,,,,,
DRYAS,13,T,light,2022,183,1448,34,,,410.09,,,,,,
DRYAS,13,T,light,2022,183,1448,35,,,410.23,,,,,,
DRYAS,13,T,light,2022,183,1448,36,,,409.88,,,,,,
DRYAS,13,T,light,2022,183,1448,37,,,411.82,,,,,,
DRYAS,13,T,light,2022,183,1448,38,,,409.81,,,,,,
DRYAS,13,T,light,2022,183,1448,39,,,409.74,,,,,,
DRYAS,13,T,light,2022,183,1448,40,,,410.99,,,,,,
DRYAS,13,T,light,2022,183,1448,41,,,410.16,,,,,,
DRYAS,13,T,light,2022,183,1448,42,,,410.36,,,,,,
DRYAS,13,T,light,2022,183,1448,43,,,409.88,,,,,,
DRYAS,13,T,light,2022,183,1448,44,,,411.47,,,,,,
DRYAS,13,T,light,2022,183,1448,45,,,409.32,,,,,,
DRYAS,13,T,light,2022,183,1448,46,,,411.4,,,,,,
DRYAS,13,T,light,2022,183,1448,47,,,410.57,,,,,,
DRYAS,13,T,light,2022,183,1448,48,,,410.43,,,,,,
DRYAS,13,T,light,2022,183,1448,49,,,410.43,,,,,,
DRYAS,13,T,light,2022,183,1448,50,,,409.88,,,,,,
DRYAS,13,T,light,2022,183,1448,51,,,409.32,,,,,,
DRYAS,13,T,light,2022,183,1448,52,,,410.78,,,,,,
DRYAS,13,T,light,2022,183,1448,53,,,410.43,,,,,,
DRYAS,13,T,light,2022,183,1448,54,,,410.57,,,,,,
DRYAS,13,T,light,2022,183,1448,55,,,409.53,,,,,,
DRYAS,13,T,light,2022,183,1448,56,,,409.95,,,,,,
DRYAS,13,T,light,2022,183,1448,57,,,4105,,,,,,
DRYAS,13,T,light,2022,183,1448,58,,,408.49,,,,,,
DRYAS,13,T,light,2022,183,1448,59,,,410.3,,,,,,
DRYAS,13,T,light,2022,183,1449,0,,,409.32,,,,,,
DRYAS,13,T,light,2022,183,1449,1,,,410.71,,,,,,
DRYAS,13,T,light,2022,183,1449,2,,,410.02,,,,,,
DRYAS,13,T,light,2022,183,1449,3,,,410.03,,,,,,
DRYAS,13,T,light,2022,183,1449,4,,,410.16,,,,,,
,,,,,,,,,,,,,,,,
DRYAS,13,T,dark,2022,183,1452,0,,,416.4,,,,,,
DRYAS,13,T,dark,2022,183,1452,1,,,416.67,,,,,,
DRYAS,13,T,dark,2022,183,1452,2,,,417.58,,,,,,
DRYAS,13,T,dark,2022,183,1452,3,,,415.7,,,,,,
DRYAS,13,T,dark,2022,183,1452,4,,,415.43,,,,,,
DRYAS,13,T,dark,2022,183,1452,5,,,418.06,,,,,,
DRYAS,13,T,dark,2022,183,1452,6,,,415.43,,,,,,
DRYAS,13,T,dark,2022,183,1452,7,,,418.06,,,,,,
DRYAS,13,T,dark,2022,183,1452,8,,,416.95,,,,,,
DRYAS,13,T,dark,2022,183,1452,9,,,415.36,,,,,,
DRYAS,13,T,dark,2022,183,1452,10,,,415.7,,,,,,
DRYAS,13,T,dark,2022,183,1452,11,,,417.09,,,,,,
DRYAS,13,T,dark,2022,183,1452,12,,,416.6,,,,,,
DRYAS,13,T,dark,2022,183,1452,13,,,413.76,,,,,,
DRYAS,13,T,dark,2022,183,1452,14,,,417.51,,,,,,
DRYAS,13,T,dark,2022,183,1452,15,,,414.87,,,,,,
DRYAS,13,T,dark,2022,183,1452,16,,,416.95,,,,,,
DRYAS,13,T,dark,2022,183,1452,17,,,415.98,,,,,,
DRYAS,13,T,dark,2022,183,1452,18,,,414.94,,,,,,
DRYAS,13,T,dark,2022,183,1452,19,,,415.91,,,,,,
DRYAS,13,T,dark,2022,183,1452,20,,,415.01,,,,,,
DRYAS,13,T,dark,2022,183,1452,21,,,415.91,,,,,,
DRYAS,13,T,dark,2022,183,1452,22,,,414.32,,,,,,
DRYAS,13,T,dark,2022,183,1452,23,,,418.34,,,,,,
DRYAS,13,T,dark,2022,183,1452,24,,,415.98,,,,,,
DRYAS,13,T,dark,2022,183,1452,25,,,415.98,,,,,,
DRYAS,13,T,dark,2022,183,1452,26,,,415.98,,,,,,
DRYAS,13,T,dark,2022,183,1452,27,,,417.16,,,,,,
DRYAS,13,T,dark,2022,183,1452,28,,,415.7,,,,,,
DRYAS,13,T,dark,2022,183,1452,29,,,416.54,,,,,,
DRYAS,13,T,dark,2022,183,1452,30,,,417.09,,,,,,
DRYAS,13,T,dark,2022,183,1452,31,,,416.81,,,,,,
DRYAS,13,T,dark,2022,183,1452,32,,,415.29,,,,,,
DRYAS,13,T,dark,2022,183,1452,33,,,417.37,,,,,,
DRYAS,13,T,dark,2022,183,1452,34,,,416.6,,,,,,
DRYAS,13,T,dark,2022,183,1452,35,,,417.64,,,,,,
DRYAS,13,T,dark,2022,183,1452,36,,,419.17,,,,,,
DRYAS,13,T,dark,2022,183,1452,37,,,417.37,,,,,,
DRYAS,13,T,dark,2022,183,1452,38,,,416.4,,,,,,
DRYAS,13,T,dark,2022,183,1452,39,,,417.47,,,,,,
DRYAS,13,T,dark,2022,183,1452,40,,,417.92,,,,,,
DRYAS,13,T,dark,2022,183,1452,41,,,418.217,,,,,,
DRYAS,13,T,dark,2022,183,1452,42,,,417.58,,,,,,
DRYAS,13,T,dark,2022,183,1452,43,,,417.58,,,,,,
DRYAS,13,T,dark,2022,183,1452,44,,,418.48,,,,,,
DRYAS,13,T,dark,2022,183,1452,45,,,419.38,,,,,,
DRYAS,13,T,dark,2022,183,1452,46,,,418.68,,,,,,
DRYAS,13,T,dark,2022,183,1452,47,,,418.34,,,,,,
DRYAS,13,T,dark,2022,183,1452,48,,,417.85,,,,,,
DRYAS,13,T,dark,2022,183,1452,49,,,418.89,,,,,,
DRYAS,13,T,dark,2022,183,1452,50,,,417.85,,,,,,
DRYAS,13,T,dark,2022,183,1452,51,,,420,,,,,,
DRYAS,13,T,dark,2022,183,1452,52,,,420.42,,,,,,
DRYAS,13,T,dark,2022,183,1452,53,,,419.45,,,,,,
DRYAS,13,T,dark,2022,183,1452,54,,,419.17,,,,,,
DRYAS,13,T,dark,2022,183,1452,55,,,419.59,,,,,,
DRYAS,13,T,dark,2022,183,1452,56,,,419.31,,,,,,
DRYAS,13,T,dark,2022,183,1452,57,,,418.27,,,,,,
DRYAS,13,T,dark,2022,183,1452,58,,,419.86,,,,,,
DRYAS,13,T,dark,2022,183,1452,59,,,419.59,,,,,,
DRYAS,13,T,dark,2022,183,1453,0,,,419.17,,,,,,
DRYAS,13,T,dark,2022,183,1453,1,,,419.38,,,,,,
DRYAS,13,T,dark,2022,183,1453,2,,,419.79,,,,,,
DRYAS,13,T,dark,2022,183,1453,3,,,420.69,,,,,,
DRYAS,13,T,dark,2022,183,1453,4,,,419.72,,,,,,
DRYAS,13,T,dark,2022,183,1453,5,,,421.67,,,,,,
DRYAS,13,T,dark,2022,183,1453,6,,,420.35,,,,,,
DRYAS,13,T,dark,2022,183,1453,7,,,422.29,,,,,,
DRYAS,13,T,dark,2022,183,1453,8,,,419.24,,,,,,
DRYAS,13,T,dark,2022,183,1453,9,,,420.97,,,,,,
DRYAS,13,T,dark,2022,183,1453,10,,,420.45,,,,,,
DRYAS,13,T,dark,2022,183,1453,11,,,420.42,,,,,,
DRYAS,13,T,dark,2022,183,1453,12,,,421.67,,,,,,
DRYAS,13,T,dark,2022,183,1453,13,,,422.94,,,,,,
DRYAS,13,T,dark,2022,183,1453,14,,,422.67,,,,,,
DRYAS,13,T,dark,2022,183,1453,15,,,4221.18,,,,,,
DRYAS,13,T,dark,2022,183,1453,16,,,420.69,,,,,,
DRYAS,13,T,dark,2022,183,1453,17,,,422.91,,,,,,
DRYAS,13,T,dark,2022,183,1453,18,,,421.11,,,,,,
DRYAS,13,T,dark,2022,183,1453,19,,,421.94,,,,,,
DRYAS,13,T,dark,2022,183,1453,20,,,421.73,,,,,,
DRYAS,13,T,dark,2022,183,1453,21,,,422.57,,,,,,
DRYAS,13,T,dark,2022,183,1453,22,,,421.8,,,,,,
DRYAS,13,T,dark,2022,183,1453,23,,,423.33,,,,,,
DRYAS,13,T,dark,2022,183,1453,24,,,420.97,,,,,,
DRYAS,13,T,dark,2022,183,1453,25,,,423.19,,,,,,
DRYAS,13,T,dark,2022,183,1453,26,,,421.53,,,,,,
DRYAS,13,T,dark,2022,183,1453,27,,,422.36,,,,,,
DRYAS,13,T,dark,2022,183,1453,28,,,423.54,,,,,,
DRYAS,13,T,dark,2022,183,1453,29,,,422.22,,,,,,
DRYAS,13,T,dark,2022,183,1453,30,,,423.81,,,,,,
DRYAS,13,T,dark,2022,183,1453,31,,,423.4,,,,,,
DRYAS,13,T,dark,2022,183,1453,32,,,421.94,,,,,,
DRYAS,13,T,dark,2022,183,1453,33,,,423.02,,,,,,
DRYAS,13,T,dark,2022,183,1453,34,,,423.71,,,,,,
DRYAS,13,T,dark,2022,183,1453,35,,,423.71,,,,,,
DRYAS,13,T,dark,2022,183,1453,36,,,424.37,,,,,,
DRYAS,13,T,dark,2022,183,1453,37,,,424.37,,,,,,
DRYAS,13,T,dark,2022,183,1453,38,,,423.4,,,,,,
DRYAS,13,T,dark,2022,183,1453,39,,,423.81,,,,,,
DRYAS,13,T,dark,2022,183,1453,40,,,424.65,,,,,,
DRYAS,13,T,dark,2022,183,1453,41,,,423.68,,,,,,
DRYAS,13,T,dark,2022,183,1453,42,,,424.13,,,,,,
DRYAS,13,T,dark,2022,183,1453,43,,,424.16,,,,,,
DRYAS,13,T,dark,2022,183,1453,44,,,425.31,,,,,,
DRYAS,13,T,dark,2022,183,1453,45,,,424.65,,,,,,
DRYAS,13,T,dark,2022,183,1453,46,,,425.48,,,,,,
DRYAS,13,T,dark,2022,183,1453,47,,,424.09,,,,,,
DRYAS,13,T,dark,2022,183,1453,48,,,425.48,,,,,,
DRYAS,13,T,dark,2022,183,1453,49,,,425.7,,,,,,
DRYAS,13,T,dark,2022,183,1453,50,,,426.45,,,,,,
DRYAS,13,T,dark,2022,183,1453,51,,,425.31,,,,,,
DRYAS,13,T,dark,2022,183,1453,52,,,427.56,,,,,,
DRYAS,13,T,dark,2022,183,1453,53,,,426.59,,,,,,
DRYAS,13,T,dark,2022,183,1453,54,,,426.17,,,,,,
DRYAS,13,T,dark,2022,183,1453,55,,,426.07,,,,,,
DRYAS,13,T,dark,2022,183,1453,56,,,426.87,,,,,,
DRYAS,13,T,dark,2022,183,1453,57,,,428.53,,,,,,
DRYAS,13,T,dark,2022,183,1453,58,,,426.49,,,,,,
DRYAS,13,T,dark,2022,183,1453,59,,,427.73,,,,,,
DRYAS,13,T,dark,2022,183,1454,0,,,427.84,,,,,,
DRYAS,13,T,dark,2022,183,1454,1,,,426.97,,,,,,
DRYAS,13,T,dark,2022,183,1454,2,,,426.52,,,,,,
DRYAS,13,T,dark,2022,183,1454,3,,,426.87,,,,,,
DRYAS,13,T,dark,2022,183,1454,4,,,427.32,,,,,,
DRYAS,13,T,dark,2022,183,1454,5,,,428.53,,,,,,
DRYAS,13,T,dark,2022,183,1454,6,,,428.56,,,,,,
DRYAS,13,T,dark,2022,183,1454,7,,,427.7,,,,,,
DRYAS,13,T,dark,2022,183,1454,8,,,426.45,,,,,,
DRYAS,13,T,dark,2022,183,1454,9,,,428.15,,,,,,
DRYAS,13,T,dark,2022,183,1454,10,,,429.5,,,,,,
DRYAS,13,T,dark,2022,183,1454,11,,,427.32,,,,,,
DRYAS,13,T,dark,2022,183,1454,12,,,429.19,,,,,,
DRYAS,13,T,dark,2022,183,1454,13,,,428.81,,,,,,
DRYAS,13,T,dark,2022,183,1454,14,,,430.51,,,,,,
DRYAS,13,T,dark,2022,183,1454,15,,,428.7,,,,,,
DRYAS,13,T,dark,2022,183,1454,16,,,429.92,,,,,,
,,,,,,,,,,,,,,,,
DRYAS,14,C,light,2022,183,1459,0,,,419.8,,,,,,
DRYAS,14,C,light,2022,183,1459,1,,,418.96,,,,,,
DRYAS,14,C,light,2022,183,1459,2,,,420.63,,,,,,
DRYAS,14,C,light,2022,183,1459,3,,,420.91,,,,,,
DRYAS,14,C,light,2022,183,1459,4,,,421.25,,,,,,
DRYAS,14,C,light,2022,183,1459,5,,,424.1,,,,,,
DRYAS,14,C,light,2022,183,1459,6,,,418.48,,,,,,
DRYAS,14,C,light,2022,183,1459,7,,,418.2,,,,,,
DRYAS,14,C,light,2022,183,1459,8,,,419.94,,,,,,
DRYAS,14,C,light,2022,183,1459,9,,,416.31,,,,,,
DRYAS,14,C,light,2022,183,1459,10,,,419.52,,,,,,
DRYAS,14,C,light,2022,183,1459,11,,,418.34,,,,,,
DRYAS,14,C,light,2022,183,1459,12,,,417.72,,,,,,
DRYAS,14,C,light,2022,183,1459,13,,,418.62,,,,,,
DRYAS,14,C,light,2022,183,1459,14,,,419.52,,,,,,
DRYAS,14,C,light,2022,183,1459,15,,,419.24,,,,,,
DRYAS,14,C,light,2022,183,1459,16,,,418.62,,,,,,
DRYAS,14,C,light,2022,183,1459,17,,,420.35,,,,,,
DRYAS,14,C,light,2022,183,1459,18,,,418.13,,,,,,
DRYAS,14,C,light,2022,183,1459,19,,,415.55,,,,,,
DRYAS,14,C,light,2022,183,1459,20,,,419.31,,,,,,
DRYAS,14,C,light,2022,183,1459,21,,,419.52,,,,,,
DRYAS,14,C,light,2022,183,1459,22,,,418.69,,,,,,
DRYAS,14,C,light,2022,183,1459,23,,,419.1,,,,,,
DRYAS,14,C,light,2022,183,1459,24,,,419.03,,,,,,
DRYAS,14,C,light,2022,183,1459,25,,,419.87,,,,,,
DRYAS,14,C,light,2022,183,1459,26,,,418.41,,,,,,
DRYAS,14,C,light,2022,183,1459,27,,,419.31,,,,,,
DRYAS,14,C,light,2022,183,1459,28,,,419.52,,,,,,
DRYAS,14,C,light,2022,183,1459,29,,,418.48,,,,,,
DRYAS,14,C,light,2022,183,1459,30,,,421.05,,,,,,
DRYAS,14,C,light,2022,183,1459,31,,,419.1,,,,,,
DRYAS,14,C,light,2022,183,1459,32,,,419.17,,,,,,
DRYAS,14,C,light,2022,183,1459,33,,,420.28,,,,,,
DRYAS,14,C,light,2022,183,1459,34,,,417.51,,,,,,
DRYAS,14,C,light,2022,183,1459,35,,,421.05,,,,,,
DRYAS,14,C,light,2022,183,1459,36,,,418.34,,,,,,
DRYAS,14,C,light,2022,183,1459,37,,,419.66,,,,,,
DRYAS,14,C,light,2022,183,1459,38,,,418.45,,,,,,
DRYAS,14,C,light,2022,183,1459,39,,,419.38,,,,,,
DRYAS,14,C,light,2022,183,1459,40,,,418.48,,,,,,
DRYAS,14,C,light,2022,183,1459,41,,,49.38,,,,,,
DRYAS,14,C,light,2022,183,1459,42,,,419.1,,,,,,
DRYAS,14,C,light,2022,183,1459,43,,,418.55,,,,,,
DRYAS,14,C,light,2022,183,1459,44,,,419.38,,,,,,
DRYAS,14,C,light,2022,183,1459,45,,,420.07,,,,,,
DRYAS,14,C,light,2022,183,1459,46,,,419.1,,,,,,
DRYAS,14,C,light,2022,183,1459,47,,,419.1,,,,,,
DRYAS,14,C,light,2022,183,1459,48,,,420.7,,,,,,
DRYAS,14,C,light,2022,183,1459,49,,,418.83,,,,,,
DRYAS,14,C,light,2022,183,1459,50,,,419.31,,,,,,
DRYAS,14,C,light,2022,183,1459,51,,,419.31,,,,,,
DRYAS,14,C,light,2022,183,1459,52,,,419.73,,,,,,
DRYAS,14,C,light,2022,183,1459,53,,,420.63,,,,,,
DRYAS,14,C,light,2022,183,1459,54,,,420.98,,,,,,
DRYAS,14,C,light,2022,183,1459,55,,,419.59,,,,,,
DRYAS,14,C,light,2022,183,1459,56,,,418.9,,,,,,
DRYAS,14,C,light,2022,183,1459,57,,,419.94,,,,,,
DRYAS,14,C,light,2022,183,1459,58,,,419.52,,,,,,
DRYAS,14,C,light,2022,183,1459,59,,,418.13,,,,,,
DRYAS,14,C,light,2022,183,1500,0,,,420.7,,,,,,
DRYAS,14,C,light,2022,183,1500,1,,,421.18,,,,,,
DRYAS,14,C,light,2022,183,1500,2,,,419.17,,,,,,
DRYAS,14,C,light,2022,183,1500,3,,,419.03,,,,,,
DRYAS,14,C,light,2022,183,1500,4,,,419.59,,,,,,
DRYAS,14,C,light,2022,183,1500,5,,,419.45,,,,,,
DRYAS,14,C,light,2022,183,1500,6,,,421.11,,,,,,
DRYAS,14,C,light,2022,183,1500,7,,,420.91,,,,,,
DRYAS,14,C,light,2022,183,1500,8,,,420.56,,,,,,
DRYAS,14,C,light,2022,183,1500,9,,,420.01,,,,,,
DRYAS,14,C,light,2022,183,1500,10,,,420.56,,,,,,
DRYAS,14,C,light,2022,183,1500,11,,,419.8,,,,,,
DRYAS,14,C,light,2022,183,1500,12,,,420.21,,,,,,
DRYAS,14,C,light,2022,183,1500,13,,,419.63,,,,,,
DRYAS,14,C,light,2022,183,1500,14,,,419.17,,,,,,
DRYAS,14,C,light,2022,183,1500,15,,,419.24,,,,,,
DRYAS,14,C,light,2022,183,1500,16,,,420.28,,,,,,
DRYAS,14,C,light,2022,183,1500,17,,,420.07,,,,,,
DRYAS,14,C,light,2022,183,1500,18,,,421.67,,,,,,
DRYAS,14,C,light,2022,183,1500,19,,,417.86,,,,,,
DRYAS,14,C,light,2022,183,1500,20,,,420.89,,,,,,
DRYAS,14,C,light,2022,183,1500,21,,,420.05,,,,,,
DRYAS,14,C,light,2022,183,1500,22,,,420.49,,,,,,
DRYAS,14,C,light,2022,183,1500,23,,,420.56,,,,,,
DRYAS,14,C,light,2022,183,1500,24,,,420.7,,,,,,
DRYAS,14,C,light,2022,183,1500,25,,,419.66,,,,,,
DRYAS,14,C,light,2022,183,1500,26,,,420.91,,,,,,
DRYAS,14,C,light,2022,183,1500,27,,,420.77,,,,,,
DRYAS,14,C,light,2022,183,1500,28,,,421.88,,,,,,
DRYAS,14,C,light,2022,183,1500,29,,,419.38,,,,,,
DRYAS,14,C,light,2022,183,1500,30,,,419.17,,,,,,
DRYAS,14,C,light,2022,183,1500,31,,,420.63,,,,,,
DRYAS,14,C,light,2022,183,1500,32,,,419.8,,,,,,
DRYAS,14,C,light,2022,183,1500,33,,,420.28,,,,,,
DRYAS,14,C,light,2022,183,1500,34,,,419.66,,,,,,
DRYAS,14,C,light,2022,183,1500,35,,,420.01,,,,,,
DRYAS,14,C,light,2022,183,1500,36,,,420.91,,,,,,
DRYAS,14,C,light,2022,183,1500,37,,,420.77,,,,,,
DRYAS,14,C,light,2022,183,1500,38,,,420.91,,,,,,
DRYAS,14,C,light,2022,183,1500,39,,,419.87,,,,,,
DRYAS,14,C,light,2022,183,1500,40,,,419.87,,,,,,
DRYAS,14,C,light,2022,183,1500,41,,,420.7,,,,,,
DRYAS,14,C,light,2022,183,1500,42,,,419.94,,,,,,
DRYAS,14,C,light,2022,183,1500,43,,,420.77,,,,,,
DRYAS,14,C,light,2022,183,1500,44,,,420.63,,,,,,
DRYAS,14,C,light,2022,183,1500,45,,,420.07,,,,,,
DRYAS,14,C,light,2022,183,1500,46,,,721.53,,,,,,
DRYAS,14,C,light,2022,183,1500,47,,,420.21,,,,,,
DRYAS,14,C,light,2022,183,1500,48,,,420.77,,,,,,
DRYAS,14,C,light,2022,183,1500,49,,,420.56,,,,,,
DRYAS,14,C,light,2022,183,1500,50,,,420.07,,,,,,
DRYAS,14,C,light,2022,183,1500,51,,,421.32,,,,,,
DRYAS,14,C,light,2022,183,1500,52,,,421.18,,,,,,
DRYAS,14,C,light,2022,183,1500,53,,,421.05,,,,,,
DRYAS,14,C,light,2022,183,1500,54,,,420.28,,,,,,
DRYAS,14,C,light,2022,183,1500,55,,,420.84,,,,,,
DRYAS,14,C,light,2022,183,1500,56,,,418.69,,,,,,
DRYAS,14,C,light,2022,183,1500,57,,,421.46,,,,,,
DRYAS,14,C,light,2022,183,1500,58,,,421.6,,,,,,
DRYAS,14,C,light,2022,183,1500,59,,,422.99,,,,,,
,,,,,,,,,,,,,,,,
DRYAS,14,C,dark,2022,183,1504,0,,,415.43,,,,,,
DRYAS,14,C,dark,2022,183,1504,1,,,414.7,,,,,,
DRYAS,14,C,dark,2022,183,1504,2,,,416.54,,,,,,
DRYAS,14,C,dark,2022,183,1504,3,,,415.36,,,,,,
DRYAS,14,C,dark,2022,183,1504,4,,,416.54,,,,,,
DRYAS,14,C,dark,2022,183,1504,5,,,414.81,,,,,,
DRYAS,14,C,dark,2022,183,1504,6,,,415.22,,,,,,
DRYAS,14,C,dark,2022,183,1504,7,,,415.78,,,,,,
DRYAS,14,C,dark,2022,183,1504,8,,,416.68,,,,,,
DRYAS,14,C,dark,2022,183,1504,9,,,415.02,,,,,,
DRYAS,14,C,dark,2022,183,1504,10,,,416.23,,,,,,
DRYAS,14,C,dark,2022,183,1504,11,,,415.46,,,,,,
DRYAS,14,C,dark,2022,183,1504,12,,,416.4,,,,,,
DRYAS,14,C,dark,2022,183,1504,13,,,416.12,,,,,,
DRYAS,14,C,dark,2022,183,1504,14,,,416.02,,,,,,
DRYAS,14,C,dark,2022,183,1504,15,,,416.78,,,,,,
DRYAS,14,C,dark,2022,183,1504,16,,,417.1,,,,,,
DRYAS,14,C,dark,2022,183,1504,17,,,415.71,,,,,,
DRYAS,14,C,dark,2022,183,1504,18,,,415.46,,,,,,
DRYAS,14,C,dark,2022,183,1504,19,,,417.13,,,,,,
DRYAS,14,C,dark,2022,183,1504,20,,,415.46,,,,,,
DRYAS,14,C,dark,2022,183,1504,21,,,416.44,,,,,,
DRYAS,14,C,dark,2022,183,1504,22,,,416.68,,,,,,
DRYAS,14,C,dark,2022,183,1504,23,,,418.07,,,,,,
DRYAS,14,C,dark,2022,183,1504,24,,,416.5,,,,,,
DRYAS,14,C,dark,2022,183,1504,25,,,418.17,,,,,,
DRYAS,14,C,dark,2022,183,1504,26,,,417.1,,,,,,
DRYAS,14,C,dark,2022,183,1504,27,,,418.07,,,,,,
DRYAS,14,C,dark,2022,183,1504,28,,,417.1,,,,,,
DRYAS,14,C,dark,2022,183,1504,29,,,416.57,,,,,,
DRYAS,14,C,dark,2022,183,1504,30,,,419.38,,,,,,
DRYAS,14,C,dark,2022,183,1504,31,,,417.51,,,,,,
DRYAS,14,C,dark,2022,183,1504,32,,,417.16,,,,,,
DRYAS,14,C,dark,2022,183,1504,33,,,418.21,,,,,,
DRYAS,14,C,dark,2022,183,1504,34,,,417.86,,,,,,
DRYAS,14,C,dark,2022,183,1504,35,,,419.32,,,,,,
DRYAS,14,C,dark,2022,183,1504,36,,,418.27,,,,,,
DRYAS,14,C,dark,2022,183,1504,37,,,418.76,,,,,,
DRYAS,14,C,dark,2022,183,1504,38,,,418.69,,,,,,
DRYAS,14,C,dark,2022,183,1504,39,,,418.21,,,,,,
DRYAS,14,C,dark,2022,183,1504,40,,,417.93,,,,,,
DRYAS,14,C,dark,2022,183,1504,41,,,417.44,,,,,,
DRYAS,14,C,dark,2022,183,1504,42,,,419.87,,,,,,
DRYAS,14,C,dark,2022,183,1504,43,,,417.79,,,,,,
DRYAS,14,C,dark,2022,183,1504,44,,,419.42,,,,,,
DRYAS,14,C,dark,2022,183,1504,45,,,419.25,,,,,,
DRYAS,14,C,dark,2022,183,1504,46,,,420.01,,,,,,
DRYAS,14,C,dark,2022,183,1504,47,,,418.97,,,,,,
DRYAS,14,C,dark,2022,183,1504,48,,,419.04,,,,,,
DRYAS,14,C,dark,2022,183,1504,49,,,419.59,,,,,,
DRYAS,14,C,dark,2022,183,1504,50,,,419.87,,,,,,
DRYAS,14,C,dark,2022,183,1504,51,,,419.32,,,,,,
DRYAS,14,C,dark,2022,183,1504,52,,,419.66,,,,,,
DRYAS,14,C,dark,2022,183,1504,53,,,419.94,,,,,,
DRYAS,14,C,dark,2022,183,1504,54,,,420.01,,,,,,
DRYAS,14,C,dark,2022,183,1504,55,,,420.18,,,,,,
DRYAS,14,C,dark,2022,183,1504,56,,,419.21,,,,,,
DRYAS,14,C,dark,2022,183,1504,57,,,421.67,,,,,,
DRYAS,14,C,dark,2022,183,1504,58,,,418.62,,,,,,
DRYAS,14,C,dark,2022,183,1504,59,,,421.08,,,,,,
DRYAS,14,C,dark,2022,183,1505,0,,,421.12,,,,,,
DRYAS,14,C,dark,2022,183,1505,1,,,421.05,,,,,,
DRYAS,14,C,dark,2022,183,1505,2,,,421.26,,,,,,
DRYAS,14,C,dark,2022,183,1505,3,,,420.29,,,,,,
DRYAS,14,C,dark,2022,183,1505,4,,,419.66,,,,,,
DRYAS,14,C,dark,2022,183,1505,5,,,421.71,,,,,,
DRYAS,14,C,dark,2022,183,1505,6,,,421.4,,,,,,
DRYAS,14,C,dark,2022,183,1505,7,,,421.01,,,,,,
DRYAS,14,C,dark,2022,183,1505,8,,,420.98,,,,,,
DRYAS,14,C,dark,2022,183,1505,9,,,421.84,,,,,,
DRYAS,14,C,dark,2022,183,1505,10,,,421.26,,,,,,
DRYAS,14,C,dark,2022,183,1505,11,,,422.09,,,,,,
DRYAS,14,C,dark,2022,183,1505,12,,,422.09,,,,,,
DRYAS,14,C,dark,2022,183,1505,13,,,422.51,,,,,,
DRYAS,14,C,dark,2022,183,1505,14,,,422.02,,,,,,
DRYAS,14,C,dark,2022,183,1505,15,,,422.51,,,,,,
DRYAS,14,C,dark,2022,183,1505,16,,,422.23,,,,,,
DRYAS,14,C,dark,2022,183,1505,17,,,422.85,,,,,,
DRYAS,14,C,dark,2022,183,1505,18,,,422.92,,,,,,
DRYAS,14,C,dark,2022,183,1505,19,,,421.81,,,,,,
DRYAS,14,C,dark,2022,183,1505,20,,,421.15,,,,,,
DRYAS,14,C,dark,2022,183,1505,21,,,421.46,,,,,,
DRYAS,14,C,dark,2022,183,1505,22,,,423.82,,,,,,
DRYAS,14,C,dark,2022,183,1505,23,,,424.66,,,,,,
DRYAS,14,C,dark,2022,183,1505,24,,,423.27,,,,,,
DRYAS,14,C,dark,2022,183,1505,25,,,423.41,,,,,,
DRYAS,14,C,dark,2022,183,1505,26,,,424.38,,,,,,
DRYAS,14,C,dark,2022,183,1505,27,,,422.92,,,,,,
DRYAS,14,C,dark,2022,183,1505,28,,,423.2,,,,,,
DRYAS,14,C,dark,2022,183,1505,29,,,423.82,,,,,,
DRYAS,14,C,dark,2022,183,1505,30,,,425.07,,,,,,
DRYAS,14,C,dark,2022,183,1505,31,,,424.03,,,,,,
DRYAS,14,C,dark,2022,183,1505,32,,,425.21,,,,,,
DRYAS,14,C,dark,2022,183,1505,33,,,423.06,,,,,,
DRYAS,14,C,dark,2022,183,1505,34,,,423.68,,,,,,
DRYAS,14,C,dark,2022,183,1505,35,,,422.51,,,,,,
DRYAS,14,C,dark,2022,183,1505,36,,,423.82,,,,,,
DRYAS,14,C,dark,2022,183,1505,37,,,424.66,,,,,,
DRYAS,14,C,dark,2022,183,1505,38,,,425.49,,,,,,
DRYAS,14,C,dark,2022,183,1505,39,,,424.38,,,,,,
DRYAS,14,C,dark,2022,183,1505,40,,,425.35,,,,,,
DRYAS,14,C,dark,2022,183,1505,41,,,424.1,,,,,,
DRYAS,14,C,dark,2022,183,1505,42,,,424.66,,,,,,
DRYAS,14,C,dark,2022,183,1505,43,,,424.79,,,,,,
DRYAS,14,C,dark,2022,183,1505,44,,,425.21,,,,,,
DRYAS,14,C,dark,2022,183,1505,45,,,425.21,,,,,,
DRYAS,14,C,dark,2022,183,1505,46,,,426.32,,,,,,
DRYAS,14,C,dark,2022,183,1505,47,,,426.04,,,,,,
DRYAS,14,C,dark,2022,183,1505,48,,,424.93,,,,,,
DRYAS,14,C,dark,2022,183,1505,49,,,426.18,,,,,,
DRYAS,14,C,dark,2022,183,1505,50,,,424.93,,,,,,
DRYAS,14,C,dark,2022,183,1505,51,,,425.07,,,,,,
DRYAS,14,C,dark,2022,183,1505,52,,,426.46,,,,,,
DRYAS,14,C,dark,2022,183,1505,53,,,426.18,,,,,,
DRYAS,14,C,dark,2022,183,1505,54,,,425.63,,,,,,
DRYAS,14,C,dark,2022,183,1505,55,,,426.18,,,,,,
DRYAS,14,C,dark,2022,183,1505,56,,,425.63,,,,,,
DRYAS,14,C,dark,2022,183,1505,57,,,425.76,,,,,,
DRYAS,14,C,dark,2022,183,1505,58,,,427.57,,,,,,
DRYAS,14,C,dark,2022,183,1505,59,,,426.87,,,,,,
DRYAS,14,C,dark,2022,183,1506,0,,,427.22,,,,,,
DRYAS,14,C,dark,2022,183,1506,1,,,426.42,,,,,,
DRYAS,14,C,dark,2022,183,1506,2,,,427.29,,,,,,
,,,,,,,,,,,,,,,,
DRYAS,14,T,light,2022,183,1518,0,,,415.02,,,,,,
DRYAS,14,T,light,2022,183,1518,1,,,415.57,,,,,,
DRYAS,14,T,light,2022,183,1518,2,,,414.81,,,,,,
DRYAS,14,T,light,2022,183,1518,3,,,415.64,,,,,,
DRYAS,14,T,light,2022,183,1518,4,,,415.57,,,,,,
DRYAS,14,T,light,2022,183,1518,5,,,415.71,,,,,,
DRYAS,14,T,light,2022,183,1518,6,,,416.68,,,,,,
DRYAS,14,T,light,2022,183,1518,7,,,415.36,,,,,,
DRYAS,14,T,light,2022,183,1518,8,,,414.32,,,,,,
DRYAS,14,T,light,2022,183,1518,9,,,416.12,,,,,,
DRYAS,14,T,light,2022,183,1518,10,,,416.96,,,,,,
DRYAS,14,T,light,2022,183,1518,11,,,415.85,,,,,,
DRYAS,14,T,light,2022,183,1518,12,,,417.16,,,,,,
DRYAS,14,T,light,2022,183,1518,13,,,416.47,,,,,,
DRYAS,14,T,light,2022,183,1518,14,,,415.71,,,,,,
DRYAS,14,T,light,2022,183,1518,15,,,415.78,,,,,,
DRYAS,14,T,light,2022,183,1518,16,,,415.85,,,,,,
DRYAS,14,T,light,2022,183,1518,17,,,415.29,,,,,,
DRYAS,14,T,light,2022,183,1518,18,,,416.96,,,,,,
DRYAS,14,T,light,2022,183,1518,19,,,416.19,,,,,,
DRYAS,14,T,light,2022,183,1518,20,,,417.1,,,,,,
DRYAS,14,T,light,2022,183,1518,21,,,416.37,,,,,,
DRYAS,14,T,light,2022,183,1518,22,,,416.33,,,,,,
DRYAS,14,T,light,2022,183,1518,23,,,414.95,,,,,,
DRYAS,14,T,light,2022,183,1518,24,,,414.46,,,,,,
DRYAS,14,T,light,2022,183,1518,25,,,417.16,,,,,,
DRYAS,14,T,light,2022,183,1518,26,,,416.65,,,,,,
DRYAS,14,T,light,2022,183,1518,27,,,416.61,,,,,,
DRYAS,14,T,light,2022,183,1518,28,,,417.03,,,,,,
DRYAS,14,T,light,2022,183,1518,29,,,415.99,,,,,,
DRYAS,14,T,light,2022,183,1518,30,,,416.68,,,,,,
DRYAS,14,T,light,2022,183,1518,31,,,415.78,,,,,,
DRYAS,14,T,light,2022,183,1518,32,,,716.4,,,,,,
DRYAS,14,T,light,2022,183,1518,33,,,416.47,,,,,,
DRYAS,14,T,light,2022,183,1518,34,,,417.1,,,,,,
DRYAS,14,T,light,2022,183,1518,35,,,417.3,,,,,,
DRYAS,14,T,light,2022,183,1518,36,,,417.79,,,,,,
DRYAS,14,T,light,2022,183,1518,37,,,416.4,,,,,,
DRYAS,14,T,light,2022,183,1518,38,,,416.26,,,,,,
DRYAS,14,T,light,2022,183,1518,39,,,417.37,,,,,,
DRYAS,14,T,light,2022,183,1518,40,,,415.71,,,,,,
DRYAS,14,T,light,2022,183,1518,41,,,417.93,,,,,,
DRYAS,14,T,light,2022,183,1518,42,,,415.85,,,,,,
DRYAS,14,T,light,2022,183,1518,43,,,416.68,,,,,,
DRYAS,14,T,light,2022,183,1518,44,,,415.78,,,,,,
DRYAS,14,T,light,2022,183,1518,45,,,415.5,,,,,,
DRYAS,14,T,light,2022,183,1518,46,,,416.06,,,,,,
DRYAS,14,T,light,2022,183,1518,47,,,415.71,,,,,,
DRYAS,14,T,light,2022,183,1518,48,,,416.89,,,,,,
DRYAS,14,T,light,2022,183,1518,49,,,417.1,,,,,,
DRYAS,14,T,light,2022,183,1518,50,,,417.58,,,,,,
DRYAS,14,T,light,2022,183,1518,51,,,416.54,,,,,,
DRYAS,14,T,light,2022,183,1518,52,,,416.96,,,,,,
DRYAS,14,T,light,2022,183,1518,53,,,419.18,,,,,,
DRYAS,14,T,light,2022,183,1518,54,,,417.03,,,,,,
DRYAS,14,T,light,2022,183,1518,55,,,417.79,,,,,,
DRYAS,14,T,light,2022,183,1518,56,,,418.34,,,,,,
DRYAS,14,T,light,2022,183,1518,57,,,416.54,,,,,,
DRYAS,14,T,light,2022,183,1518,58,,,417.51,,,,,,
DRYAS,14,T,light,2022,183,1518,59,,,417.51,,,,,,
DRYAS,14,T,light,2022,183,1519,0,,,417.16,,,,,,
DRYAS,14,T,light,2022,183,1519,1,,,418.14,,,,,,
DRYAS,14,T,light,2022,183,1519,2,,,418.34,,,,,,
DRYAS,14,T,light,2022,183,1519,3,,,416.68,,,,,,
DRYAS,14,T,light,2022,183,1519,4,,,416.96,,,,,,
DRYAS,14,T,light,2022,183,1519,5,,,417.79,,,,,,
DRYAS,14,T,light,2022,183,1519,6,,,416.06,,,,,,
DRYAS,14,T,light,2022,183,1519,7,,,416.33,,,,,,
DRYAS,14,T,light,2022,183,1519,8,,,416.54,,,,,,
DRYAS,14,T,light,2022,183,1519,9,,,417.44,,,,,,
DRYAS,14,T,light,2022,183,1519,10,,,418.41,,,,,,
DRYAS,14,T,light,2022,183,1519,11,,,416.89,,,,,,
DRYAS,14,T,light,2022,183,1519,12,,,417.79,,,,,,
DRYAS,14,T,light,2022,183,1519,13,,,418.83,,,,,,
DRYAS,14,T,light,2022,183,1519,14,,,416.47,,,,,,
DRYAS,14,T,light,2022,183,1519,15,,,417.44,,,,,,
DRYAS,14,T,light,2022,183,1519,16,,,417.65,,,,,,
DRYAS,14,T,light,2022,183,1519,17,,,417.3,,,,,,
DRYAS,14,T,light,2022,183,1519,18,,,418,,,,,,
DRYAS,14,T,light,2022,183,1519,19,,,419.4,,,,,,
DRYAS,14,T,light,2022,183,1519,20,,,417.37,,,,,,
DRYAS,14,T,light,2022,183,1519,21,,,417.23,,,,,,
DRYAS,14,T,light,2022,183,1519,22,,,415.99,,,,,,
DRYAS,14,T,light,2022,183,1519,23,,,418.34,,,,,,
DRYAS,14,T,light,2022,183,1519,24,,,418.27,,,,,,
DRYAS,14,T,light,2022,183,1519,25,,,418.48,,,,,,
DRYAS,14,T,light,2022,183,1519,26,,,418.41,,,,,,
DRYAS,14,T,light,2022,183,1519,27,,,417.23,,,,,,
DRYAS,14,T,light,2022,183,1519,28,,,419.11,,,,,,
DRYAS,14,T,light,2022,183,1519,29,,,418.14,,,,,,
DRYAS,14,T,light,2022,183,1519,30,,,417.16,,,,,,
DRYAS,14,T,light,2022,183,1519,31,,,418.76,,,,,,
DRYAS,14,T,light,2022,183,1519,32,,,418.41,,,,,,
DRYAS,14,T,light,2022,183,1519,33,,,418.34,,,,,,
DRYAS,14,T,light,2022,183,1519,34,,,418.21,,,,,,
DRYAS,14,T,light,2022,183,1519,35,,,418.69,,,,,,
DRYAS,14,T,light,2022,183,1519,36,,,416.96,,,,,,
DRYAS,14,T,light,2022,183,1519,37,,,418.83,,,,,,
DRYAS,14,T,light,2022,183,1519,38,,,418.31,,,,,,
DRYAS,14,T,light,2022,183,1519,39,,,418.27,,,,,,
DRYAS,14,T,light,2022,183,1519,40,,,418.34,,,,,,
DRYAS,14,T,light,2022,183,1519,41,,,419.04,,,,,,
DRYAS,14,T,light,2022,183,1519,42,,,418.27,,,,,,
DRYAS,14,T,light,2022,183,1519,43,,,418.97,,,,,,
DRYAS,14,T,light,2022,183,1519,44,,,418.9,,,,,,
DRYAS,14,T,light,2022,183,1519,45,,,418.41,,,,,,
DRYAS,14,T,light,2022,183,1519,46,,,418,,,,,,
DRYAS,14,T,light,2022,183,1519,47,,,417.51,,,,,,
DRYAS,14,T,light,2022,183,1519,48,,,419.9,,,,,,
DRYAS,14,T,light,2022,183,1519,49,,,418.9,,,,,,
DRYAS,14,T,light,2022,183,1519,50,,,418.62,,,,,,
DRYAS,14,T,light,2022,183,1519,51,,,418,,,,,,
DRYAS,14,T,light,2022,183,1519,52,,,418.07,,,,,,
DRYAS,14,T,light,2022,183,1519,53,,,416.62,,,,,,
DRYAS,14,T,light,2022,183,1519,54,,,419.42,,,,,,
DRYAS,14,T,light,2022,183,1519,55,,,418.27,,,,,,
DRYAS,14,T,light,2022,183,1519,56,,,419.32,,,,,,
DRYAS,14,T,light,2022,183,1519,57,,,419.73,,,,,,
DRYAS,14,T,light,2022,183,1519,58,,,418.21,,,,,,
DRYAS,14,T,light,2022,183,1519,59,,,418.9,,,,,,
DRYAS,14,T,light,2022,183,1520,59,,,417.79,,,,,,
,,,,,,,,,,,,,,,,
DRYAS,14,T,dark,2022,183,1527,0,,,417.16,,,,,,
DRYAS,14,T,dark,2022,183,1527,1,,,414.6,,,,,,
DRYAS,14,T,dark,2022,183,1527,2,,,417.51,,,,,,
DRYAS,14,T,dark,2022,183,1527,3,,,415.22,,,,,,
DRYAS,14,T,dark,2022,183,1527,4,,,416.96,,,,,,
DRYAS,14,T,dark,2022,183,1527,5,,,416.61,,,,,,
DRYAS,14,T,dark,2022,183,1527,6,,,416.61,,,,,,
DRYAS,14,T,dark,2022,183,1527,7,,,417.3,,,,,,
DRYAS,14,T,dark,2022,183,1527,8,,,416.96,,,,,,
DRYAS,14,T,dark,2022,183,1527,9,,,416.61,,,,,,
DRYAS,14,T,dark,2022,183,1527,10,,,415.64,,,,,,
DRYAS,14,T,dark,2022,183,1527,11,,,417.79,,,,,,
DRYAS,14,T,dark,2022,183,1527,12,,,415.29,,,,,,
DRYAS,14,T,dark,2022,183,1527,13,,,417.1,,,,,,
DRYAS,14,T,dark,2022,183,1527,14,,,417.51,,,,,,
DRYAS,14,T,dark,2022,183,1527,15,,,418.83,,,,,,
DRYAS,14,T,dark,2022,183,1527,16,,,416.82,,,,,,
DRYAS,14,T,dark,2022,183,1527,17,,,416.82,,,,,,
DRYAS,14,T,dark,2022,183,1527,18,,,418.34,,,,,,
DRYAS,14,T,dark,2022,183,1527,19,,,418.27,,,,,,
DRYAS,14,T,dark,2022,183,1527,20,,,416.82,,,,,,
DRYAS,14,T,dark,2022,183,1527,21,,,418.83,,,,,,
DRYAS,14,T,dark,2022,183,1527,22,,,417.65,,,,,,
DRYAS,14,T,dark,2022,183,1527,23,,,418.69,,,,,,
DRYAS,14,T,dark,2022,183,1527,24,,,418.07,,,,,,
DRYAS,14,T,dark,2022,183,1527,25,,,417.93,,,,,,
DRYAS,14,T,dark,2022,183,1527,26,,,418.27,,,,,,
DRYAS,14,T,dark,2022,183,1527,27,,,419.66,,,,,,
DRYAS,14,T,dark,2022,183,1527,28,,,418.9,,,,,,
DRYAS,14,T,dark,2022,183,1527,29,,,419.18,,,,,,
DRYAS,14,T,dark,2022,183,1527,30,,,420.29,,,,,,
DRYAS,14,T,dark,2022,183,1527,31,,,418.73,,,,,,
DRYAS,14,T,dark,2022,183,1527,32,,,419.94,,,,,,
DRYAS,14,T,dark,2022,183,1527,33,,,419.94,,,,,,
DRYAS,14,T,dark,2022,183,1527,34,,,420.15,,,,,,
DRYAS,14,T,dark,2022,183,1527,35,,,417.93,,,,,,
DRYAS,14,T,dark,2022,183,1527,36,,,422.92,,,,,,
DRYAS,14,T,dark,2022,183,1527,37,,,433.12,,,,,,
DRYAS,14,T,dark,2022,183,1527,38,,,424.1,,,,,,
DRYAS,14,T,dark,2022,183,1527,39,,,424.1,,,,,,
DRYAS,14,T,dark,2022,183,1527,40,,,418.97,,,,,,
DRYAS,14,T,dark,2022,183,1527,41,,,426.6,,,,,,
DRYAS,14,T,dark,2022,183,1527,42,,,409.74,,,,,,
DRYAS,14,T,dark,2022,183,1527,43,,,422.64,,,,,,
DRYAS,14,T,dark,2022,183,1527,44,,,418.07,,,,,,
DRYAS,14,T,dark,2022,183,1527,45,,,422.09,,,,,,
DRYAS,14,T,dark,2022,183,1527,46,,,421.12,,,,,,
DRYAS,14,T,dark,2022,183,1527,47,,,421.67,,,,,,
DRYAS,14,T,dark,2022,183,1527,48,,,420.42,,,,,,
DRYAS,14,T,dark,2022,183,1527,49,,,421.33,,,,,,
DRYAS,14,T,dark,2022,183,1527,50,,,422.71,,,,,,
DRYAS,14,T,dark,2022,183,1527,51,,,422.09,,,,,,
DRYAS,14,T,dark,2022,183,1527,52,,,422.85,,,,,,
DRYAS,14,T,dark,2022,183,1527,53,,,423.27,,,,,,
DRYAS,14,T,dark,2022,183,1527,54,,,421.74,,,,,,
DRYAS,14,T,dark,2022,183,1527,55,,,421.88,,,,,,
DRYAS,14,T,dark,2022,183,1527,56,,,422.02,,,,,,
DRYAS,14,T,dark,2022,183,1527,57,,,422.44,,,,,,
DRYAS,14,T,dark,2022,183,1527,58,,,424.38,,,,,,
DRYAS,14,T,dark,2022,183,1527,59,,,423.82,,,,,,
DRYAS,14,T,dark,2022,183,1528,0,,,424.31,,,,,,
DRYAS,14,T,dark,2022,183,1528,1,,,423.89,,,,,,
DRYAS,14,T,dark,2022,183,1528,2,,,424.45,,,,,,
DRYAS,14,T,dark,2022,183,1528,3,,,424.93,,,,,,
DRYAS,14,T,dark,2022,183,1528,4,,,424.24,,,,,,
DRYAS,14,T,dark,2022,183,1528,5,,,424.45,,,,,,
DRYAS,14,T,dark,2022,183,1528,6,,,423.89,,,,,,
DRYAS,14,T,dark,2022,183,1528,7,,,425,,,,,,
DRYAS,14,T,dark,2022,183,1528,8,,,424.93,,,,,,
DRYAS,14,T,dark,2022,183,1528,9,,,422.71,,,,,,
DRYAS,14,T,dark,2022,183,1528,10,,,426.32,,,,,,
DRYAS,14,T,dark,2022,183,1528,11,,,424.38,,,,,,
DRYAS,14,T,dark,2022,183,1528,12,,,425.14,,,,,,
DRYAS,14,T,dark,2022,183,1528,13,,,426.18,,,,,,
DRYAS,14,T,dark,2022,183,1528,14,,,426.18,,,,,,
DRYAS,14,T,dark,2022,183,1528,15,,,426.32,,,,,,
DRYAS,14,T,dark,2022,183,1528,16,,,426.46,,,,,,
DRYAS,14,T,dark,2022,183,1528,17,,,424.52,,,,,,
DRYAS,14,T,dark,2022,183,1528,18,,,425.9,,,,,,
DRYAS,14,T,dark,2022,183,1528,19,,,427.01,,,,,,
DRYAS,14,T,dark,2022,183,1528,20,,,426.46,,,,,,
DRYAS,14,T,dark,2022,183,1528,21,,,427.29,,,,,,
DRYAS,14,T,dark,2022,183,1528,22,,,426.94,,,,,,
DRYAS,14,T,dark,2022,183,1528,23,,,426.46,,,,,,
DRYAS,14,T,dark,2022,183,1528,24,,,427.29,,,,,,
DRYAS,14,T,dark,2022,183,1528,25,,,427.29,,,,,,
DRYAS,14,T,dark,2022,183,1528,26,,,427.64,,,,,,
DRYAS,14,T,dark,2022,183,1528,27,,,426.87,,,,,,
DRYAS,14,T,dark,2022,183,1528,28,,,427.85,,,,,,
DRYAS,14,T,dark,2022,183,1528,29,,,428.82,,,,,,
DRYAS,14,T,dark,2022,183,1528,30,,,428.54,,,,,,
DRYAS,14,T,dark,2022,183,1528,31,,,428.33,,,,,,
DRYAS,14,T,dark,2022,183,1528,32,,,429.09,,,,,,
DRYAS,14,T,dark,2022,183,1528,33,,,428.54,,,,,,
DRYAS,14,T,dark,2022,183,1528,34,,,428.68,,,,,,
DRYAS,14,T,dark,2022,183,1528,35,,,429.09,,,,,,
DRYAS,14,T,dark,2022,183,1528,36,,,428.68,,,,,,
DRYAS,14,T,dark,2022,183,1528,37,,,429.23,,,,,,
DRYAS,14,T,dark,2022,183,1528,38,,,429.02,,,,,,
DRYAS,14,T,dark,2022,183,1528,39,,,429.86,,,,,,
DRYAS,14,T,dark,2022,183,1528,40,,,429.65,,,,,,
DRYAS,14,T,dark,2022,183,1528,41,,,429.79,,,,,,
DRYAS,14,T,dark,2022,183,1528,42,,,429.51,,,,,,
DRYAS,14,T,dark,2022,183,1528,43,,,430.06,,,,,,
DRYAS,14,T,dark,2022,183,1528,44,,,430.76,,,,,,
DRYAS,14,T,dark,2022,183,1528,45,,,430.27,,,,,,
DRYAS,14,T,dark,2022,183,1528,46,,,430.62,,,,,,
DRYAS,14,T,dark,2022,183,1528,47,,,430.97,,,,,,
DRYAS,14,T,dark,2022,183,1528,48,,,430.76,,,,,,
DRYAS,14,T,dark,2022,183,1528,49,,,430.62,,,,,,
DRYAS,14,T,dark,2022,183,1528,50,,,431,,,,,,
DRYAS,14,T,dark,2022,183,1528,51,,,432.56,,,,,,
DRYAS,14,T,dark,2022,183,1528,52,,,433.05,,,,,,
DRYAS,14,T,dark,2022,183,1528,53,,,432.42,,,,,,
DRYAS,14,T,dark,2022,183,1528,54,,,432.45,,,,,,
DRYAS,14,T,dark,2022,183,1528,55,,,432.28,,,,,,
DRYAS,14,T,dark,2022,183,1528,56,,,432.84,,,,,,
DRYAS,14,T,dark,2022,183,1528,57,,,432.77,,,,,,
DRYAS,14,T,dark,2022,183,1528,58,,,432.7,,,,,,
DRYAS,14,T,dark,2022,183,1528,59,,,432.84,,,,,,
DRYAS,14,T,dark,2022,183,1529,0,,,433.25,,,,,,
DRYAS,14,T,dark,2022,183,1529,1,,,434.26,,,,,,
DRYAS,14,T,dark,2022,183,1529,2,,,433.95,,,,,,